,len,metric,overall,overall_p,ts,cpp,java,py,rs,ts_p,cpp_p,java_p,py_p,rs_p
0,3,mccabe,0.10376305809773972,2.5093079381317972e-116,0.0725159411354307,0.0864054769426717,0.027446497190036008,0.1567673234235846,0.09844654978116728,7.308737552544471e-29,9.610319243267918e-50,0.00029158970037317317,3.657417142623357e-18,3.530230518485412e-33
1,3,fanout,0.20054672398602147,3.776807066216554e-108,0.150575787321727,0.11580768456579658,0.2050152566798958,0.2220381331504453,0.21869185208480751,5.544334082440288e-10,4.3849518258716765e-13,1.703595785075335e-30,4.531435999880418e-26,3.260048774644682e-12
2,3,chars,0.34922552465760565,1.5841100292439864e-300,0.3089389342289574,0.26453704383839766,0.28153591661126603,0.2582698754075223,0.4163371072149278,6.245038936016098e-34,7.525044311086488e-56,1.0561418246843017e-51,4.418027826701272e-33,4.5133774716112867e-38
3,3,identifiers,0.3179872995376279,5.568226664704052e-252,0.2948055424853569,0.1627312630710454,0.2718392387698974,0.24008978535504136,0.3205951725764604,2.168926427787996e-31,2.3075691415301405e-22,2.9152617184378403e-49,5.824138954896088e-29,1.8977754374730176e-23
4,3,halstead,0.3311846535489797,3.4865501350157297e-271,0.27553083034521547,0.09241303357348055,0.31185142362182505,0.2611882255884224,0.31565309117593104,2.3663767414519036e-27,3.6598358968141847e-08,1.3556380838417157e-63,7.890649684296192e-34,1.355310034876852e-22
5,3,entropy,0.4122282963319145,0.0,0.34868935202461887,0.2483660513483454,0.4315898197374897,0.39495771956504455,0.5351606520428754,9.01356602052749e-43,1.83952529641517e-49,4.8808826119769236e-119,5.38479670580716e-75,9.471731074184818e-62
6,4,mccabe,0.15668221236875002,1.2328376383248161e-124,0.10830633160881274,0.23396786951977455,0.0994350896362355,0.1571806193002647,0.055412750933547236,2.7831410292150293e-10,4.4175684408858976e-126,5.461768576183308e-12,6.149687120857256e-20,0.004403775309053095
7,4,fanout,0.17598302242726885,1.6145236430655697e-85,0.10301481982278436,0.15794899033291734,0.22703467682995648,0.27969936712284643,0.15336684684356208,3.024567430106318e-05,1.3942621329235904e-25,2.40695051656923e-31,1.2497478386100138e-45,4.532357241305412e-07
8,4,chars,0.19178593511900055,5.829219325157441e-97,0.2380338414016566,0.12823081654864074,0.1910546985727893,0.1799138708384069,0.27262541739967977,4.860305561424001e-21,1.3702165179672319e-16,8.366470767034997e-22,3.9067822916857053e-19,1.2492880496803968e-18
9,4,identifiers,0.17563232802568715,5.229164498960293e-82,0.2176058366460482,0.058955234846809354,0.16720815817548212,0.24048729036890992,0.21163872861348865,6.029257057018489e-18,0.00013793826192663237,3.698654595984686e-17,5.095901525059299e-33,6.8428033622656605e-12
10,4,halstead,0.24338246696407034,5.637231292409925e-155,0.20719460985463942,0.12451156316713352,0.23831424283210406,0.3215345470305347,0.2260384478656786,2.489065459998514e-16,9.86016357641793e-16,4.993902380812913e-33,1.8148756780236352e-57,2.7780016419493905e-13
11,4,entropy,0.34131940652909387,1.0725724791643794e-302,0.3140598998108526,0.28369323627870796,0.3947561590911531,0.3417776203287326,0.3975832596522252,2.0428897367743796e-35,9.904473369076303e-75,1.7914968733972538e-87,1.1119267660484794e-64,8.824272651884679e-38
12,5,mccabe,0.08082904338735175,5.344973552518228e-28,0.05020324995136336,0.08960565912164518,0.004399961107616765,0.09350806069975076,0.1664196779871609,0.009977263569878173,2.6467009346831993e-11,0.7669040761994625,1.034986228461519e-07,4.226687732911053e-35
13,5,fanout,0.18482820379069595,2.5649197881685664e-106,0.17172074539892013,0.09509683289436319,0.18753353374986492,0.321688566741332,0.27660535778158474,3.309226553645723e-15,3.836883431025036e-09,5.415380365803838e-30,2.1883118845040743e-63,3.362655854473177e-25
14,5,chars,0.2355744947472526,6.939633284021944e-166,0.2615891273805681,0.18910596087106563,0.1463793127499351,0.21391594630406663,0.22236099606543797,1.851665172783247e-31,9.407135450838333e-31,3.0980861827894363e-18,3.088148922340151e-28,2.5034454223587883e-16
15,5,identifiers,0.21503138283166096,4.2196697741157045e-139,0.28499749676249747,0.09121221570007756,0.10243745727927792,0.3180975328895479,0.1474901871270167,3.0089884562403103e-37,2.5484775889304944e-08,9.765752988415124e-10,1.8421456109387788e-60,5.011427775092935e-08
16,5,halstead,0.22678336106659047,6.608473214530217e-154,0.24630644477222155,0.09959667396342001,0.11108743145165403,0.3695949143452062,0.2256881365424801,4.392531463066507e-28,1.2611084069532539e-09,3.8131812327584e-11,8.090175107198646e-81,8.928321223883073e-17
17,5,entropy,0.3064996845530866,2.349412498191761e-279,0.3483851827740614,0.2901601700145042,0.26352192183338863,0.2532191532321671,0.36948261215384326,1.868026036764474e-54,5.010529358614192e-70,2.075994924540522e-55,6.90825881602879e-39,3.1691727117894854e-42
18,6,mccabe,0.07361693387468388,1.338378893555026e-22,0.09505599962185951,0.018867569776480988,0.0425577055880927,0.05870691572159217,0.21034156070805285,1.875551661545753e-06,0.19822381752925733,0.001751211398993149,0.0016962204099492556,4.1887052602748584e-27
19,6,fanout,0.1822820393977789,3.4321909716385736e-105,0.10729581035259113,0.21860457686860404,0.11767734910497296,0.30875605959528574,0.26565413861879833,1.493310933336275e-06,1.6042268763166299e-40,1.1018685507945964e-14,5.003891441869434e-54,7.324206593272693e-26
20,6,chars,0.212931106469739,2.401940396004841e-139,0.1547288085837892,0.30583948747164746,0.09105300324713285,0.20996642205915053,0.18462727499376713,1.1018505393893e-11,9.836480677776068e-76,3.4876518741520868e-09,2.453302481212989e-25,5.107506225043876e-13
21,6,identifiers,0.19594026609972123,1.3041172084568613e-118,0.14341537986949177,0.23393873060581213,0.04887920915245624,0.3282606181899044,0.12854493891797555,2.779304927252056e-10,3.710571582125863e-45,0.0014937057506323721,1.4771087632967068e-59,4.679189100502827e-07
22,6,halstead,0.23428990929424048,2.7706742379067353e-168,0.16270738642724403,0.2524261869455951,0.08985267089537,0.34870535912830775,0.2950913113936674,9.131947006755113e-13,3.542731099494273e-52,5.565949317209015e-09,7.362405302626403e-67,7.938088253474332e-31
23,6,entropy,0.33984770076804605,0.0,0.24490318857020602,0.38452629662857934,0.2925795298126702,0.27704425172337116,0.44541542009473944,5.858621952141446e-27,1.3351794564271117e-118,2.489543244165334e-80,7.324230934760815e-43,5.446861260240218e-68
24,7,mccabe,0.11637494308403304,1.8711070263618307e-48,0.14709812442489073,0.03445403506417914,0.04888106491071091,0.23672868841211417,0.20522684155769977,3.665279737825808e-11,0.018125238651156155,0.0009690911687682775,5.32515781648515e-35,3.303080878310754e-25
25,7,fanout,0.18046571928744218,5.020472679302145e-95,0.1750547252415459,0.12204642500911034,0.14174153847858384,0.42806758927418315,0.2039778870280084,7.084841723651579e-13,2.328829643309742e-14,2.9602731025925417e-18,5.7064166524223864e-95,2.3733170725494506e-13
26,7,chars,0.2283254156620706,3.525758194189503e-148,0.1586214271336554,0.20482211042410473,0.1736268938082447,0.3875266874112101,0.18236623079904532,1.5492415937732244e-10,6.606564914470856e-37,3.9282916619693014e-26,1.1493695836774252e-76,8.508731730484742e-11
27,7,identifiers,0.1979268296352163,4.604430609222908e-112,0.1886219123821026,0.1096087303606022,0.1421318643438707,0.38077260307697275,0.13188225454397096,2.486699245689072e-14,1.0650783051491305e-11,4.483691970945171e-18,3.076832170304058e-74,2.581982613046087e-06
28,7,halstead,0.2402647996557963,7.200592978158343e-164,0.20562178298251668,0.13374895326833405,0.18566029258781638,0.4311366415633475,0.2542282899165664,1.0672285668744927e-16,1.1566825838878038e-16,1.2060668050735603e-29,1.4003204908134756e-94,1.439588438087272e-19
29,7,entropy,0.36294041550160266,0.0,0.2615093742811134,0.2878369230143442,0.3449926109420013,0.46882718665246026,0.44847667326247936,4.974500158289202e-26,3.778126866183023e-71,5.268866952868225e-98,2.1324838305027038e-111,2.3027610215460756e-57
30,8,mccabe,0.16407906184298077,2.0605613626974533e-90,0.1870008787828857,0.10575705001101564,0.10497041621543234,0.2868921024156023,0.20827786668177248,2.1810400324333517e-17,1.9747227978912923e-12,2.6514921593577885e-12,2.0146138254186293e-46,4.217930694606696e-22
31,8,fanout,0.1755143795718239,2.4571245880054434e-90,0.11690055107010125,0.12235697607268989,0.12053409899606628,0.49925367789070313,0.24177677387072258,5.300293433167772e-07,3.2888374504670875e-14,4.586787088312504e-14,2.8147167831088847e-117,3.809765688158566e-18
32,8,chars,0.21116931324657814,5.115214765314035e-128,0.1325369363431647,0.1560260361379826,0.16061193562368503,0.4309421821000366,0.26746078389720496,1.9231792852901085e-08,7.527200537971444e-22,1.8764304816377546e-23,2.292597914092055e-86,1.4744539226399012e-21
33,8,identifiers,0.1851015689941868,5.515828170792401e-99,0.14083456912176634,0.07184305881017712,0.12645770175442672,0.48040888475047133,0.15899515669919137,2.2506006320187022e-09,9.579338160282753e-06,3.701700579749584e-15,3.4543012677248467e-107,1.3762794384630944e-08
34,8,halstead,0.25892863727307136,1.8742416984167172e-191,0.18674594020614782,0.14184882115937966,0.1885797239767927,0.49752473031359595,0.3138550975032926,2.4338313324564037e-15,2.4718678156854415e-18,1.0395883626114027e-31,1.1287485957436654e-114,4.517937468896288e-29
35,8,entropy,0.37078946418150527,0.0,0.27900395452298565,0.28436515268347723,0.3582598289531127,0.47428418308745846,0.4833594144609822,2.7959559351724295e-32,1.2512055077783687e-68,9.065827882101544e-110,2.3577646629754506e-104,1.4590815227863714e-66
36,9,mccabe,0.1414751543874458,7.926229478937228e-61,0.23163950797334482,0.06502852875733603,0.09112172554119216,0.1877249322009878,0.2284727228693086,5.427250174697198e-22,7.917812923339899e-05,5.2998543006049e-09,1.4781910008363825e-20,5.662598130580905e-22
37,9,fanout,0.15905529682245378,2.7255477208841843e-69,0.16536933829501152,0.12926574789091877,0.12244476774138095,0.3637732339558406,0.1892002444409399,5.218299345922804e-11,9.270479841970318e-14,8.032520101572048e-14,1.6529061911215045e-66,2.3997892533015217e-11
38,9,chars,0.20263801749127455,5.400346405764217e-110,0.14835713537034786,0.18721100821477513,0.12626987588353328,0.3327609904456337,0.22751734742154234,5.668475281520444e-09,6.950212551132178e-27,1.9013517145564366e-14,4.246790202113383e-55,1.4248699798545875e-15
39,9,identifiers,0.18067115989791646,5.819229148171456e-88,0.1159641159293919,0.14390842007421356,0.0902381243180334,0.37851275045625143,0.12440368238448195,5.139231955694449e-06,1.4944467847809088e-16,4.3281148955057206e-08,7.163906765255473e-71,1.243506401326398e-05
40,9,halstead,0.22762936440193543,2.7903365211869974e-138,0.19261355561857324,0.17333349827736577,0.13027217014090955,0.4158056617919506,0.25537460292427966,3.899630739038812e-14,2.8016686906190236e-23,2.7912923741148527e-15,4.6707375919543594e-85,3.2263289592207447e-19
41,9,entropy,0.3469840921405021,0.0,0.29635416968090544,0.32762158390131246,0.2760978958721769,0.4240662310947689,0.40771368869263525,2.6315823872507038e-31,9.680013886649022e-79,6.393881056495678e-63,2.312573784660473e-88,2.0081031898016292e-46
42,10,mccabe,0.1676143701377194,8.734490172544823e-81,0.16993757097936757,0.07623006186655373,0.11238160124606587,0.33558653459926313,0.2026003060422282,1.1433191810174259e-12,3.7451903365030387e-06,1.1297454435260024e-12,1.9949872225668867e-52,4.996006192054808e-16
43,10,fanout,0.13271396242519215,4.957179257948384e-47,0.09442405782069545,0.10596104897284224,0.09054902456495176,0.4251622993901733,0.14884111073674752,0.0001506566351765809,7.062786514963213e-10,4.7598876484439366e-08,6.221678424210963e-75,4.2310003015898186e-07
44,10,chars,0.19972232530617182,3.7097600598414987e-103,0.10824903336768789,0.15745000648637042,0.16715140257397446,0.4231670398306678,0.20845880362758312,1.672887356223716e-05,7.585161490587297e-20,1.0918682093256843e-23,3.244915170957297e-73,1.8445309429126363e-12
45,10,identifiers,0.16680397962553836,1.2894876306038344e-72,0.10296915310536785,0.11850598759090238,0.10757673467609644,0.3903453247323601,0.10978212039532795,4.159770872300651e-05,6.565413943706056e-12,1.0360225426230341e-10,1.1398770503020337e-62,0.00020425414614477048
46,10,halstead,0.2342838127111925,3.311361075169781e-141,0.13646550648907327,0.17710937511649372,0.15155942130209885,0.48380990055573864,0.23436096136567836,5.742007974041918e-08,1.0944069977750463e-24,9.267413648373602e-20,3.459703691059485e-95,2.3523613985634563e-15
47,10,entropy,0.3426835081307546,1.0010909275409375e-299,0.19640196149225708,0.3046379785189305,0.31999524012549213,0.46381746538761326,0.37075243570305483,5.717023313472516e-15,1.1412511938530561e-69,3.2299436909938394e-82,1.2922036746409532e-87,5.047849502603271e-36
48,11,mccabe,0.1754920218860239,5.34989660430273e-84,0.19597861632111763,0.09683536189973461,0.14784713441200004,0.29346539456662357,0.18067733925080573,1.4075325313959939e-15,8.131778933905442e-09,2.998842441818424e-19,1.4721537710278643e-38,5.746427836568933e-12
49,11,fanout,0.15149961253667063,1.7017406158181926e-58,0.14435705561808312,0.10426358814335665,0.13097799245499736,0.4328250323415265,0.1255550272098061,1.2229682242983496e-08,2.0255356874583656e-09,2.444301588630529e-14,1.5621315803351704e-75,2.593232830471404e-05
50,11,chars,0.18526656802520872,7.971756123157822e-86,0.08508841098358483,0.14547404540865913,0.13541248755637966,0.41915912031047864,0.26601046124583927,0.0008790486966442748,7.684302285836852e-17,4.1273408585148774e-15,3.939815109748647e-70,7.376562148751619e-19
51,11,identifiers,0.1700862463016893,1.0549315488395904e-72,0.09190354130675875,0.08541147712860604,0.09972457060138751,0.41383893919793013,0.2205505362709357,0.00032321059851697105,9.77230816913025e-07,7.242940978120679e-09,1.8008018554642782e-68,1.8476474061724354e-13
52,11,halstead,0.24599944856409423,8.009859768433704e-150,0.1795200129398365,0.15875215011780877,0.1601235524849302,0.4898954290642518,0.27901093675701377,2.241795293384897e-12,9.297663435003417e-20,1.6363277756089616e-20,4.0508844520844805e-95,1.3725732445568162e-20
53,11,entropy,0.34365389674429625,2.1515911165778117e-290,0.22462972073766055,0.323230891449809,0.3133448996718201,0.4184955799913756,0.4047625085856184,1.6038994166001083e-18,1.3763035785818316e-76,9.389269932509226e-74,6.41056877148705e-70,1.6718750681981031e-41
54,12,mccabe,0.15503364648629123,5.89574850163136e-61,0.2130993456276026,0.07720079530017183,0.09778580790135438,0.22207026227285329,0.22424884554623892,1.1686094120775563e-16,1.6158910532945083e-05,1.834790431524712e-08,2.812196150785966e-23,1.0039282041178132e-15
55,12,fanout,0.1368512925949619,4.316949662806874e-45,0.12067267652038621,0.11118930663139996,0.08449127349987415,0.3878596802940787,0.1870594847490582,5.15031627318102e-06,1.6763157090156093e-09,2.536131269774554e-06,7.113831888572146e-64,1.8594058612427525e-09
56,12,chars,0.20030176571426467,7.976899005699595e-94,0.11189401912780854,0.12997107590438406,0.11050737166478086,0.43262719270414124,0.2962654939846883,2.727481265977442e-05,2.168333480860683e-12,8.678182355209391e-10,2.9047839983877416e-78,2.609987821475283e-21
57,12,identifiers,0.18779615195348354,8.957213399081642e-83,0.10811787855214387,0.09200268998587532,0.06795264538687068,0.4241012932737962,0.25122027787904566,4.981069070021239e-05,6.585601524177028e-07,0.00016155818085028303,2.4761843937588218e-75,8.844480113226826e-16
58,12,halstead,0.24513302066893705,1.5116141715547827e-139,0.16124468036425205,0.15517822281000063,0.12105893136937007,0.470262050201333,0.34624372139182563,1.4908599446088137e-09,5.0593306505861176e-17,1.848503351153866e-11,3.940695055524006e-92,1.6407416049645226e-28
59,12,entropy,0.31234877045203446,2.775446708584124e-225,0.20489452249119114,0.2907143756803685,0.3082947668209327,0.2714984364267481,0.4677816259569814,1.568176646375835e-14,1.3079264033794315e-55,1.3139517997885938e-65,6.799460695036503e-32,1.2653697081401822e-50
60,13,mccabe,0.17478395585852188,1.6283698139542358e-70,0.26597407842997495,0.037557198659221705,0.12490140455268803,0.28155138407127794,0.2633111268570181,1.8103654352795503e-22,0.043241829049457906,2.221725391684871e-12,4.153608855970255e-29,7.909954997442516e-23
61,13,fanout,0.14371782785171988,1.1687750905819077e-45,0.11406203594806182,0.1282680936062678,0.123350311442749,0.32196830578793445,0.18813075116284314,4.683057492656562e-05,1.791816315191214e-11,1.820111356126229e-11,1.5256814531125683e-35,1.7607530217368982e-10
62,13,chars,0.16143915512959858,8.620549894650292e-57,0.10621903845468478,0.13408585389025773,0.12328254093285575,0.319771475209141,0.20566093048815082,0.00016533960570601057,2.4169358343889212e-12,2.1407483750260352e-11,9.654173432086902e-35,3.638399009845999e-12
63,13,identifiers,0.1648084379637016,3.7188368474139706e-59,0.13206220226427645,0.12526332513445765,0.09685133243564019,0.32245035026865265,0.17062312250829925,2.77741643214815e-06,5.795418942204332e-11,1.4184090196129776e-07,2.532998575401485e-35,7.914072259326441e-09
64,13,halstead,0.22480222909758105,2.334124584599549e-108,0.18045546883352934,0.17701440384473419,0.1525663201854996,0.3844011426239543,0.27864558297638,1.5591435147973045e-10,2.2095535530654032e-20,1.164902993127304e-16,1.9738112522732863e-49,4.6360052260299355e-21
65,13,entropy,0.3546539286860589,1.1673194514768111e-266,0.26556422775817623,0.3351910972834582,0.32481482861334793,0.4025828062300211,0.41121504200952586,4.6123355501082255e-21,1.029248463473349e-68,1.1667400556038807e-69,4.82006868120083e-54,6.564602075959929e-44
66,14,mccabe,0.14655669069513427,4.645459517741819e-47,0.1808869819814607,0.015084391928654224,0.0980814761884404,0.29998871378149883,0.22408629824686827,2.139547260008908e-10,0.42519055927293514,7.690039995419189e-08,3.646320981159765e-30,9.117618305117386e-15
67,14,fanout,0.14126895059179523,7.753701307424629e-42,0.09823980743192418,0.1009193220258794,0.10985828900411432,0.41796663383403104,0.15795502387023488,0.0007328970816532266,1.9084077031303412e-07,4.513725814667251e-09,3.3809078134541934e-54,5.240004970204386e-07
68,14,chars,0.1631395310574401,6.533981574506468e-55,0.10154089178461076,0.11270610082085492,0.1399555384549613,0.3667466962160387,0.19611403696907592,0.0005189422332314241,6.5124480772671275e-09,9.200213838641909e-14,8.632742295238765e-42,5.283475490009432e-10
69,14,identifiers,0.17331686617265185,8.772672558412281e-62,0.10038797143882144,0.08456402431812268,0.12807490060279594,0.37978330460477716,0.21088895773260571,0.0005965384033403745,1.3290743064687626e-05,8.976129920867934e-12,1.0298785318028415e-44,2.3574342013100335e-11
70,14,halstead,0.23263743303360554,9.987351668012019e-110,0.15520448785455557,0.14436135358266505,0.1788530794302245,0.43759849790691946,0.24863014242705875,1.126212701182541e-07,1.0623916696210273e-13,1.6823340135913452e-21,9.607728533654682e-59,3.4493896086949427e-15
71,14,entropy,0.3565916497979111,4.636390094259334e-255,0.301535684114291,0.2980806306625979,0.35308981272813517,0.3781406468029221,0.4102836625916482,6.558955363301732e-25,3.6736795153860647e-53,7.526496672357199e-79,2.568363473086138e-44,1.3471981070703364e-38
72,15,mccabe,0.16178865731916522,1.3334372560558193e-52,0.21408944380776215,0.012170616301399696,0.12915131274469335,0.24134963029739243,0.22322484233674875,2.868909706308925e-13,0.5366373336956389,1.1308357459964463e-11,9.409620347466226e-19,1.1233183005404881e-12
73,15,fanout,0.13063840743738192,1.8163520014731368e-33,0.13820026673636662,0.11059790370980013,0.09257357999674784,0.2920986257228621,0.1724011301233923,4.01007841031674e-06,3.746132277752858e-08,2.0432460476119432e-06,1.4097217564255027e-25,3.7622951441925395e-07
74,15,chars,0.1798319619665001,1.5078646923537383e-61,0.13889726628733806,0.15131746408844465,0.15401303363478305,0.29198474197539154,0.267718674843292,4.015642939326934e-06,5.813407043655984e-14,3.2077178235992986e-15,2.3076293734490313e-25,3.652597421086543e-15
75,15,identifiers,0.17548861665984558,9.856721803102415e-59,0.13724859427254024,0.14484291964692272,0.09976709570090185,0.307635965206717,0.1953856832640273,5.162844642138913e-06,6.361009132494492e-13,3.256222010635463e-07,5.44979729024047e-28,9.257552694708217e-09
76,15,halstead,0.227670517610643,1.6148198526742015e-97,0.19350617581813673,0.18140815154831905,0.1462644001651094,0.3408840255866811,0.2627409525386384,1.333704835062242e-10,2.1356752321693835e-19,7.102269645801985e-14,5.755381735727104e-34,1.1632691830385682e-14
77,15,entropy,0.3447305027338482,5.531563398925537e-221,0.2675439478322644,0.33361509657019545,0.29202896919208976,0.4124977223250506,0.36339920059265673,6.632100890533653e-19,1.3020096169153287e-61,1.64583902851067e-50,6.247882177217544e-49,1.2957073196849997e-26
78,16,mccabe,0.17131431906495262,2.596389979615302e-55,0.19531468531468532,0.05334689027723792,0.1527091417543872,0.28346062583419845,0.1774525452976704,2.638396114234871e-10,0.008852327312765427,6.8296566714918035e-15,2.2206549130802563e-24,9.238067513399096e-09
79,16,fanout,0.12587206069821377,1.4980290715679787e-29,0.19247634718222953,0.11595769222261197,0.05359130386777719,0.3476224020677528,0.15629853321829162,9.396994244047133e-10,2.2193122712063324e-08,0.007402177674451531,2.242931993048136e-34,2.852782532854612e-06
80,16,chars,0.16592971785774624,7.180041809731441e-50,0.15583093377211024,0.15271984212006587,0.10052587808105254,0.326137158111057,0.2040918895599655,8.132520202093997e-07,1.918907596568541e-13,5.349578827454497e-07,3.1134605678634054e-30,1.1020616283438196e-09
81,16,identifiers,0.14340361547558708,1.034907732150264e-37,0.1591073632250103,0.12600926549173153,0.039188275512863205,0.3054781678354272,0.16960310612597065,4.7005932497894287e-07,1.2846035424816534e-09,0.05058415633592896,9.670844808911093e-27,4.0537223809437096e-07
82,16,halstead,0.19696269332964722,1.5896370269938801e-69,0.19736322501028383,0.17646384972965115,0.08978185468336607,0.3659218025041842,0.23620362381363244,4.1924215129048887e-10,1.9333632252295414e-17,7.5516845609943506e-06,1.2756931186278848e-37,1.7552056673428835e-12
83,16,entropy,0.3361125497243085,9.894924989671495e-199,0.21714315096668038,0.35314851331835434,0.28581316398860035,0.39907787970593844,0.37933132010353754,6.298323706457028e-12,7.400671861499451e-65,4.2451236739341624e-46,2.0364862111951875e-44,9.727572584108351e-30
84,17,mccabe,0.2046321748929457,2.911687512730672e-73,0.2658516548846661,0.07228962097302576,0.13008148098900044,0.2803228179747413,0.27566332446627106,1.7602733836953234e-17,0.0006332992367841903,2.6956118463791125e-10,4.0394379121977696e-22,2.6821957044575882e-17
85,17,fanout,0.1369845931935993,1.2554933285672517e-32,0.12266251594353288,0.11739706167140337,0.08814795115572989,0.3463691009737871,0.17802089118847866,0.00011546771599694638,4.676163027971954e-08,2.7699952173809546e-05,8.801406481828607e-32,3.061968558951815e-07
86,17,chars,0.17833480279468109,6.898311320667629e-54,0.12171779406360118,0.13915260761555923,0.12270867037504894,0.3413555913242669,0.22023931324115487,0.000140282535150684,1.0130471548989558e-10,5.701271905731881e-09,1.0559611535242043e-30,2.668751077825507e-10
87,17,identifiers,0.1658141266621591,7.515627337078658e-47,0.11267700023780185,0.09859440416696999,0.10865486189600278,0.3141644097038158,0.15201408985939371,0.00042132945665860797,4.614631579466183e-06,2.4747056302987444e-07,2.857380963716429e-26,1.2892765679139036e-05
88,17,halstead,0.2155090736984449,7.541753791368919e-78,0.18882979873316472,0.14746075860589025,0.15414976841078828,0.38600008353172116,0.24741783351359778,3.480225975427177e-09,7.334679296061304e-12,2.519131418918002e-13,8.732977339548272e-39,1.2805134654245004e-12
89,17,entropy,0.3307011043497859,1.1733126092998785e-180,0.2141859610437339,0.3072616979536759,0.30495608300275545,0.39609296438014646,0.3560856304871038,2.078958323927928e-11,3.1197971947476256e-46,1.6923704470117269e-47,9.518102436149204e-41,1.7305169779061663e-24
90,18,mccabe,0.19391545236861327,4.8818435781443096e-60,0.25281585874095197,0.034901437507689106,0.14267357947820347,0.324082539332856,0.2952525654475515,2.1809146343254136e-14,0.11832646118049933,3.3656352415260026e-11,7.583713376774445e-27,3.0054053113904036e-18
91,18,fanout,0.11820283519764503,1.0921227974643628e-22,0.10956624259706076,0.09332384616112578,0.06217405651241365,0.32582291494556737,0.14298677181685537,0.0011170734744242086,3.797474190985223e-05,0.004512482647740292,2.2885826940501084e-26,6.630850944308954e-05
92,18,chars,0.1637675929107904,7.104950721148182e-42,0.08987716604518535,0.15033678278397639,0.09691371419553381,0.370521929099888,0.2119041589793679,0.007762556208629407,3.447648683047191e-11,9.873310278999146e-06,2.2282973449204815e-33,3.651424576870186e-09
93,18,identifiers,0.1397577628701597,5.656306219582946e-31,0.0811663742048695,0.09829810540461252,0.0638127407588072,0.2755135760312827,0.1717704301269761,0.016168524784436433,1.4694861195717243e-05,0.003602230017547402,3.435171499415731e-19,1.7206518351783118e-06
94,18,halstead,0.20843898380186987,1.0044699195884207e-66,0.16389010747971047,0.14274172179163236,0.11321492363865913,0.3522204475776101,0.2610064030676844,1.2063051915830453e-06,3.14808725520866e-10,2.425292165235807e-07,2.5211209736438714e-30,3.697088505711239e-13
95,18,entropy,0.3181382592562717,7.043305401536448e-153,0.19513599473568766,0.3240809745526124,0.2736100550203367,0.37031447926419564,0.31703625993319584,7.463740743814276e-09,2.7610963198094955e-46,9.78010834984959e-36,2.417903496831518e-33,1.0844040567566676e-18
96,19,mccabe,0.166544402329118,4.0728723641397816e-42,0.23783461210571186,0.07106329755232577,0.05762192245158668,0.27263090495162207,0.22115103059314806,1.0842478658927097e-11,0.0024987633827323447,0.007122932126899583,1.5235036722249327e-17,1.5168449376962173e-10
97,19,fanout,0.1339388082540481,4.308921807591934e-27,0.14431713554987213,0.06325437331421943,0.09897557195946927,0.36458689053310567,0.18845086381402218,4.785107301628319e-05,0.007839253563462418,5.2531615176331165e-06,2.947051424399505e-29,2.395426014367695e-07
98,19,chars,0.1693260378860417,3.726112587726354e-42,0.11901108269394714,0.13171469612050973,0.10901344249920158,0.3422168468981218,0.22255783161673903,0.0008336706387583726,3.225604711245461e-08,5.488098232466779e-07,8.366200822051436e-26,1.1498353250187096e-09
99,19,identifiers,0.1430563858648372,1.3670344633281022e-30,0.14575618073316282,0.047012588121166064,0.08011696861481288,0.3232569721115538,0.17491438247164118,4.244460772808966e-05,0.04842077722013686,0.00023165698228641029,3.2969673190579937e-23,1.7042141668399103e-06
100,19,halstead,0.18080615990359794,8.091946386856732e-48,0.17904177323103154,0.08707767328456983,0.10671299320616671,0.36459163346613543,0.2445573987548856,4.986363536816249e-07,0.000257108942883428,9.451089031195893e-07,4.5772829745849324e-29,2.2506335102297723e-11
101,19,entropy,0.29773652450482946,1.7671415243387172e-126,0.1584450127877238,0.270473328324568,0.27706555032952995,0.3654311326124075,0.3336282735177664,8.64575753880998e-06,7.154881143089877e-30,4.06494363889249e-37,3.423439518379883e-29,7.179056230599317e-20
102,20,mccabe,0.16360024069597853,2.7574298370850015e-38,0.29446280991735535,0.05211945007676155,0.05383608991444254,0.24724177101150296,0.2702831678545435,1.4300628164825504e-15,0.030055379835691086,0.019716244966627522,1.7736241905368887e-15,5.542551448574532e-15
103,20,fanout,0.09825052488333093,1.7801482244512772e-14,0.0862418442801218,0.10983880857283096,0.008396314822252242,0.31162656082030926,0.1827373350361856,0.0210128025003036,6.096871674691236e-06,0.7199863649051713,6.596801771599481e-23,4.845860099336758e-07
104,20,chars,0.16319653584286573,4.9311433918735156e-37,0.1188386254893432,0.13222903327484087,0.09878905156571373,0.30794239381634436,0.26027891072384957,0.0015223896243223556,5.380776838929347e-08,2.5313944915880245e-05,2.6748079190640614e-22,8.307373167806295e-13
105,20,identifiers,0.14724888284720614,1.786227220509997e-30,0.0877903436276642,0.11173158075488208,0.029096230846933684,0.28799610039735907,0.22921215616803306,0.01914333422481814,4.3076788761401e-06,0.2146680871613733,1.0415936519265055e-19,2.906091998310125e-10
106,20,halstead,0.18751650413860124,2.4648998412663717e-48,0.15316659417137887,0.15479646034352168,0.06563827327272506,0.25107609012608423,0.3092908444224722,4.38477690210244e-05,1.935364467592071e-10,0.0051331946719465745,2.4004693428315297e-15,1.8398533659420858e-17
107,20,entropy,0.3212061607680125,3.327681543301837e-138,0.19177903436276642,0.31261320173313323,0.27487069017975585,0.3441051151819017,0.4240239497933232,3.11517874620454e-07,7.855520816563389e-38,1.013188395683566e-31,1.9373285151260643e-27,2.090952136372828e-31
108,21,mccabe,0.22278548246142255,9.979772494369644e-65,0.3351430446912095,0.026457195902313022,0.20224925576096145,0.30191138557084396,0.29614676696542896,2.965528191726318e-19,0.28966862312298136,5.57776708944648e-18,1.6882530103893474e-18,2.1562194423694102e-16
109,21,fanout,0.11688940081888212,1.3220213869978956e-18,0.15341976186568934,0.07665551250440296,0.04657160008330577,0.28501784236739625,0.2024327784891165,5.013969127937519e-05,0.002406290248212706,0.049661696188085205,2.438600287581579e-16,7.196623843780445e-08
110,21,chars,0.13926520203907344,1.1230311651840973e-25,0.14733876702587387,0.15750209140542445,0.009549536305389149,0.28152284685594164,0.2505521766965429,0.0001036125727279092,4.69503794143407e-10,0.6877420690333551,6.675307672803763e-16,2.8507203429748867e-11
111,21,identifiers,0.1550876817360054,1.8706020606227756e-31,0.18332330470616123,0.10430242456263943,0.024018468834522345,0.3061826917854827,0.2517365556978233,1.3536329229921871e-06,3.698126145372863e-05,0.3119337867412726,1.5588352727558606e-18,2.2641373035850218e-11
112,21,halstead,0.19779767167925733,4.5891206748908225e-50,0.24339022300020058,0.13965359721733003,0.057720552703830294,0.32571505244090615,0.3430017605633803,1.4294009923965954e-10,3.3310640518171364e-08,0.015119259875317988,9.265360772048309e-21,8.289306213901537e-20
113,21,entropy,0.3259146030775502,1.0345726361762079e-132,0.28533723538099665,0.33424878184806855,0.21688629715385568,0.35138122605975997,0.4623719590268886,5.5647258978871726e-14,6.810975266934305e-40,6.913163061755826e-20,6.74405179722365e-24,1.1665146210835552e-34
114,22,mccabe,0.1910340904483905,6.984702289424303e-45,0.30179045092838197,-0.013714937654136032,0.15502409286645552,0.3141160148538771,0.13775150144743853,4.513451179176956e-14,0.6047110540615287,2.513370846373698e-10,3.723266997242937e-19,8.36568883988886e-05
115,22,fanout,0.16731359082340064,4.777669017647078e-34,0.11464311550518447,0.17084495355751722,0.0995509409516723,0.38425433813277377,0.1459608543487967,0.004582954698086747,1.762793022141059e-10,5.946244237010711e-05,3.299264357161584e-27,7.074047717599883e-05
116,22,chars,0.18918659541474095,5.9356521980039714e-43,0.11124909573185435,0.2040576670431235,0.11278610788839447,0.3271718273305816,0.21575835697722984,0.006072895111807725,2.667205588783214e-14,5.538009057957303e-06,4.6321607136478785e-20,4.52304775379947e-09
117,22,identifiers,0.18668861299460796,6.95675068552107e-42,0.13285507595852422,0.14192615299513678,0.12138627400108022,0.35399784646392135,0.11619474889461784,0.0010471495978483598,1.1839637904674286e-07,1.0046145123817635e-06,3.1970353032898696e-23,0.0015840955474739874
118,22,halstead,0.22374746931504905,2.279581684081842e-59,0.2061912225705329,0.17374098232189367,0.16194599869133228,0.3760094700368586,0.16644463007503638,3.665317964361807e-07,9.02888593916061e-11,6.863878539311474e-11,5.550559043042447e-26,6.080850024656568e-06
119,22,entropy,0.344659019500527,2.9226838732481505e-138,0.2564203038340969,0.3465012561366308,0.3141610248728455,0.39833515095459626,0.2736018895914047,2.541250681122576e-10,3.1204240741602e-38,1.0467228568238128e-36,5.895855210168145e-29,1.0387222749400579e-13
120,23,mccabe,0.1978392223903974,1.4249405470306318e-43,0.26930933360299325,0.03615553600440441,0.11698461863187565,0.32619059737703804,0.25423626756853046,6.488816770961528e-11,0.1902589549577638,5.9781287757707274e-06,4.852015157826006e-19,2.538531715051228e-11
121,23,fanout,0.13372727117806446,2.1082287255460892e-20,0.08902147166885765,0.10534142247218908,0.07985089561199406,0.3917052645866205,0.20312507840293842,0.03267729549553045,0.00015544411787770884,0.002251812093400868,3.9159192312531755e-26,2.9243744630961007e-07
122,23,chars,0.17453806482197273,1.558833687751786e-33,0.08188222604240401,0.13642730300266098,0.13275427943333165,0.33091141989447076,0.2000842988393856,0.05006364387142224,9.906809250632586e-07,3.9051135551338827e-07,5.183052069808526e-19,4.575901298964815e-07
123,23,identifiers,0.1803447879211329,1.0687187618586215e-35,0.13548387096774195,0.07330152373035964,0.1326417741191979,0.3045884867918766,0.22347220898083706,0.0011828425861645031,0.008550535789405045,3.9714401902111244e-07,2.38566491223095e-16,1.7559991949247887e-08
124,23,halstead,0.21726222751362917,5.26615772541772e-51,0.1720767182391209,0.13218077498124348,0.17776237882032703,0.3574124972430057,0.29177935782348424,3.823089230514799e-05,2.1250256148155775e-06,1.0934252263416136e-11,6.476222154939542e-22,1.9154076401281322e-13
125,23,entropy,0.3406773874461457,1.1087735156076765e-122,0.1880540668082381,0.3516292526002731,0.3449661836903137,0.3708793539302014,0.28886904074945685,6.786465104692081e-06,1.800321838428462e-36,1.0881608270024456e-39,1.7876068977690897e-23,3.308508983011554e-13
126,24,mccabe,0.16656107585010793,6.274920662535901e-29,0.2689175603217158,0.06855309886584947,0.07142412673545658,0.23887778920715302,0.18724234928949027,6.089378813369945e-10,0.016269570319778274,0.008228965647252399,5.734740179609439e-10,2.802006621897081e-06
127,24,fanout,0.12273923411871068,3.836517045376982e-16,0.06087466487935657,0.11350059189674266,0.0394132726205684,0.2560729545814211,0.15708206023570492,0.16573915125311356,7.996444505492967e-05,0.14914242284446766,4.958077337107383e-11,0.00013283042632991564
128,24,chars,0.1714812542666839,6.1915619708545156e-30,0.11621146112600536,0.19681674113109557,0.11309094591610266,0.2560828453869283,0.24538653668946117,0.008301669980178355,8.260280717486094e-12,3.546844291683974e-05,5.457119322614914e-11,2.532072236242812e-09
129,24,identifiers,0.15899647594974076,5.664617849080495e-26,0.1048760053619303,0.15034635506167182,0.08668772579694654,0.21058019465105238,0.17315340220185266,0.01718312548929154,1.7803317761178487e-07,0.0015226210087851697,6.907412151256647e-08,2.5975278995754045e-05
130,24,halstead,0.21235850753703944,5.402552342092884e-45,0.12752178284182306,0.159017833276053,0.11906217323879907,0.29260464472226616,0.24850865706387312,0.003774048287944013,3.361731900675738e-08,1.3397347532956061e-05,6.721470156042677e-14,1.5879038608648464e-09
131,24,entropy,0.3358878853853392,8.512564044429262e-110,0.14361595174262734,0.327733608278917,0.31556362456182735,0.3549760642506726,0.4510403026334934,0.0011061807761379996,5.276325577780707e-30,8.42296914665644e-31,9.863772898572608e-20,6.3659564710701465e-28
132,25,mccabe,0.21063963004199943,2.5330991587031777e-42,0.3092726708136751,0.03641736975070308,0.18203275784409198,0.30994430013657176,0.22278674973285753,1.0176723508300217e-11,0.22271132393604898,1.7337694496534083e-11,5.305694701146134e-14,5.504368453809632e-08
133,25,fanout,0.10261661980781195,4.7863311305084503e-11,0.0810770201640773,0.11495561495561496,-0.02412550547180304,0.31432263074739575,0.1881758368784317,0.07719484255739291,0.0001348379211641713,0.3779307374552314,4.000488943799413e-14,8.392665515454183e-06
134,25,chars,0.14443127234473166,2.2684596035305892e-20,0.10307419539020946,0.14982748316081648,0.02681674177971369,0.29769300806041293,0.2498907908089545,0.024972931700950017,6.632019009967695e-07,0.32745718336482477,9.037255592447273e-13,3.49596991241193e-09
135,25,identifiers,0.14148543904477356,1.2874507032226967e-19,0.07132053169857058,0.09893043226376559,0.028134050996348775,0.3179712395897491,0.2411002910004906,0.12076698106848888,0.0010263820738891296,0.3041761368176855,2.3032258842900886e-14,1.196696132091249e-08
136,25,halstead,0.17920721759863723,1.745339832698692e-30,0.12545201390349692,0.15166265166265167,0.07178517416916415,0.3530715261227004,0.34465076580845044,0.006360958454936839,4.835367723853996e-07,0.0087567706016792,2.3812563060836004e-17,3.755076152421736e-16
137,25,entropy,0.3087497897359083,5.263373720991572e-87,0.19850547425148501,0.3257103257103257,0.2165143016751342,0.42473823742066785,0.3850010416876684,1.577367396810964e-05,3.142717638253582e-27,2.6447059941301506e-15,2.120794066220543e-24,9.037880595239064e-20
138,26,mccabe,0.1958448981053275,1.0921459629756131e-33,0.28848108827567415,-0.014209436310020966,0.11168952751102852,0.39628212137780205,0.21149693609571055,3.64490339800505e-10,0.6486446833189355,0.0001702743913810793,2.6842951852003356e-20,3.8649973426078695e-07
139,26,fanout,0.13443731749718832,1.8116961317012416e-16,0.1445444732070805,0.13167538820802155,0.06222251379452191,0.2331719128329298,0.19991245987744383,0.0018312333769315283,2.762634474764187e-05,0.03793940505131728,7.35715930343354e-08,3.174358241283449e-06
140,26,chars,0.1824412714184053,6.101348850019373e-29,0.12909649223932843,0.17790879029096426,0.15050390785684903,0.30335077716160275,0.20339217974905166,0.005504263905905459,1.511947556186398e-08,5.265280884368325e-07,2.8107244949257568e-12,2.1990704094890247e-06
141,26,identifiers,0.2022402889482659,3.465043266591504e-35,0.17034700315457413,0.13553616172635383,0.16691548816295265,0.28430836522689995,0.1638240443536621,0.00024844301385235844,1.614034494937177e-05,2.630878990233037e-08,5.774174438784244e-11,0.00013671467096853536
142,26,halstead,0.2466275942013418,1.8275941355062303e-51,0.2296970141589025,0.16274694461963285,0.20317132157902948,0.3038037959853159,0.23334549168368834,7.84083832030989e-07,2.245026469500028e-07,1.2712826065795219e-11,2.60896110882416e-12,5.590816322652778e-08
143,26,entropy,0.3560984311551601,2.8284787056023894e-105,0.22699309347390925,0.33802222714643665,0.373090398445368,0.3607591970631883,0.34130434782608693,1.0547664769435513e-06,5.657121646850651e-27,1.6778858801955276e-35,9.638692731008642e-17,1.9518010478563783e-15
144,27,mccabe,0.187004130054047,3.0230528841828054e-29,0.2328014945343465,0.023047860222927347,0.1215272318480551,0.2842481616582711,0.2808834190061948,1.3716382958991166e-06,0.47852731250180347,6.524728387098749e-05,1.362036911038256e-11,7.218931842140449e-11
145,27,fanout,0.11161630572006392,3.054535504430663e-11,0.05187952841382444,0.09967150760719226,0.038023568441243986,0.3240113485032714,0.10807960985896929,0.2859385040092821,0.002346236989470841,0.21587342611788407,2.0749717407148314e-14,0.014525537796872968
146,27,chars,0.15727971312577202,8.414300301529077e-21,0.14471990103759058,0.12827475388495646,0.06495275305807993,0.33477360893984137,0.23095426387241333,0.0029727051417653165,9.117994754877718e-05,0.03464510726884167,3.1228314690731433e-15,1.8304210837403689e-07
147,27,identifiers,0.17485269521692282,2.462474719503447e-25,0.2068617303274343,0.0976883491986006,0.08401858432124776,0.3023348387470326,0.17799360748649004,2.164465546203316e-05,0.0028807961040232845,0.006277052745106566,1.0572908485057462e-12,5.80196294103475e-05
148,27,halstead,0.20127256707842944,5.0531004201306415e-33,0.20547322713387695,0.1102203848344317,0.12148399421401843,0.3434804006716461,0.21547548438117833,2.4683288619075434e-05,0.0007732803432197073,7.778507920825682e-05,5.915947691493408e-16,1.1377453798283202e-06
149,27,entropy,0.3387149732202449,2.9597160311670123e-90,0.22137790007826108,0.307170897404605,0.30768293449891515,0.40224943546986275,0.3430374324502438,5.5154571828032675e-06,7.243578405296234e-21,1.4183375551446574e-23,2.657311352001428e-21,9.403374925555357e-15
150,28,mccabe,0.19891098451039696,6.8218720291920085e-31,0.3114905640632086,-0.004926624737945493,0.17730012344782514,0.3018656037707498,0.22053231939163498,2.8284511883388553e-09,0.8789282427444227,2.9478572213458117e-08,2.2218449659047338e-12,1.0645519417129931e-06
151,28,fanout,0.09661452462678574,2.52647032637042e-08,0.15046918059092337,0.06478962507922578,0.03906518529276499,0.2805839600781355,0.12480963379088461,0.00440352158343202,0.046493574387752465,0.22598160997993721,8.858855751668731e-11,0.007110643163684802
152,28,chars,0.13460480346004172,8.76184413959263e-15,0.07695259357449331,0.11710545560918531,0.09218163774114685,0.2479932303652914,0.19709332230638119,0.14612667039607405,0.00032301457637521263,0.004303638516107398,1.0649446884974668e-08,2.1807178362137996e-05
153,28,identifiers,0.14295480626520526,1.7496519316358655e-16,0.13515540516970734,0.07529618253620009,0.05156730327015709,0.2448535750156192,0.2132706679710744,0.010668680890951469,0.02075476512153177,0.11019368910625725,1.6199510064961804e-08,4.32739375511123e-06
154,28,halstead,0.1970667169896005,6.991768196675519e-30,0.173875885164126,0.12966944566330263,0.1206399922542541,0.2798642909677572,0.2324131879658299,0.0010224460531005454,6.835827515192986e-05,0.0001866574080238648,1.0808639851440912e-10,5.546708332895615e-07
155,28,entropy,0.3570075535403714,4.983755800504873e-94,0.2431715910280113,0.38316513090536786,0.3285019243337448,0.4052369767570603,0.298968240360662,4.362847222538911e-06,5.808931916716208e-32,2.5805562412534786e-24,9.014963398532569e-21,1.1941797111758653e-10
156,29,mccabe,0.19237944915513466,1.38481059547477e-26,0.2194512862616311,0.050238666466736644,0.09512287334593572,0.32010225171326007,0.2611656124951594,2.6122512840575482e-05,0.1445902726272367,0.004597210351176711,6.310448064700913e-12,1.167213381673219e-08
157,29,fanout,0.08743334679244821,1.4543059814537604e-06,0.0772612205801861,0.14355600539811067,-0.004190780863748728,0.30029370172957687,0.057732025300116174,0.14152455347791723,3.391456452680327e-05,0.9013833872552028,1.4923923112615592e-10,0.22070022235536135
158,29,chars,0.17061287914938394,5.7892239670437736e-21,0.09859058565955117,0.1720679012345679,0.14215210120692162,0.3735777221799195,0.13737575835807408,0.06112122371110506,6.84168968488811e-07,2.6351116056219907e-05,1.7735719413545278e-15,0.003602075127733302
159,29,identifiers,0.16298816821446488,2.834773269803736e-19,0.11908182813355227,0.14921340030989153,0.07141486113130725,0.33201348852387685,0.1466911922894884,0.02367822682314008,1.6579972525374578e-05,0.03469982992613622,1.5260153185254493e-12,0.0018757778809279087
160,29,halstead,0.2034893367103476,3.901360068328699e-29,0.15120415982484947,0.20069538161643424,0.1332092482187,0.36954204285869685,0.17199130846349125,0.0040773352768243626,6.955651834586784e-09,8.197908504021862e-05,3.5378398905556657e-15,0.00026778835770684063
161,29,entropy,0.3737395538915195,4.347227171162996e-94,0.17149014778325122,0.38389688608986855,0.35927875527119385,0.4413357989774829,0.3846865453293748,0.001124031356606406,1.582883921339502e-28,2.3351886775226178e-26,5.49022547651184e-21,3.5778198704515425e-16
162,30,mccabe,0.20595552522190477,1.884292965197169e-28,0.2244119119119119,0.05254971017682882,0.12356352472123318,0.3339624241910174,0.21827050997782704,4.2657093135601473e-05,0.14805770480840347,0.0004461767041710855,5.100914708861032e-13,2.2049601225205962e-06
163,30,fanout,0.15021605807012112,1.0846197025601261e-15,0.10347847847847848,0.09960011739672757,0.011772523434890448,0.359758683574367,0.1527161862527716,0.06063030822138378,0.006436779785920041,0.7398450743204281,1.1221672720157258e-14,0.0012134098942323884
164,30,chars,0.1542801030347766,1.9038377153140336e-16,0.17275608942275608,0.08959571501944383,0.011758309703004071,0.3688345561728657,0.23506651884700666,0.0017665823173854162,0.014307320821563694,0.7403214324792152,2.6859631216662894e-15,6.515174921460919e-07
165,30,identifiers,0.1617182131154846,6.379775740226935e-18,0.1502752752752753,0.10782155697409934,0.0361526270529959,0.3196912506891726,0.11943458980044346,0.0065188817570356805,0.00319863903520637,0.30802582236973985,7.2651126066822475e-12,0.011461354862755768
166,30,halstead,0.20290389352888574,2.732855973765e-27,0.16568651985318653,0.1258015995304131,0.08692052391815733,0.374422155307689,0.17080931263858093,0.0027093894404650013,0.0005831764073675082,0.014260284589044278,1.019786571582437e-15,0.0003001429244928753
167,30,entropy,0.3359963843173918,8.353710391761019e-72,0.08579412746079412,0.3622789639738792,0.33678727018172255,0.3812926756859918,0.3292239467849224,0.12049806320197551,3.974877954655173e-23,2.188029182366273e-21,3.041060732795886e-16,3.209565763644839e-12
168,31,mccabe,0.17209130237855147,2.7888936073111207e-19,0.23289473684210527,-0.06699480448455018,0.13495528739452142,0.22794049062587446,0.25502358578167367,4.8687510828963076e-05,0.07483828977168869,0.00016587579034606898,1.501396849963843e-06,8.741392921059726e-08
169,31,fanout,0.1112360974682341,8.163132362481454e-09,0.07485380116959064,0.12962725594749794,0.00048131467665967615,0.27456627180300347,0.04423726924934071,0.19493820001162543,0.0006081140306224325,0.9894466505534727,8.52808253686587e-09,0.36341486850890403
170,31,chars,0.15127097767083006,4.697052025163616e-15,0.1189327485380117,0.12372248427672956,0.0689311376216179,0.24215325062960544,0.23951020812440416,0.03982490543082338,0.0010749989227593763,0.05640062723864817,3.986005512674354e-07,8.811926681971274e-07
171,31,identifiers,0.16331812993900624,2.6851193961163793e-17,0.07948343079922027,0.14749965818977304,0.07754896230847687,0.21850806827721295,0.20197105325062834,0.1694817361554849,9.662379687473369e-05,0.031812839253422105,4.757195007518255e-06,3.372892210892334e-05
172,31,halstead,0.18925647511135382,1.102173153470712e-22,0.1125,0.167239198796828,0.11730326262591535,0.23126340826415445,0.21286632247520706,0.05185284424821352,9.853838974705376e-06,0.0011667553077562359,1.287795742064703e-06,1.2453373447889734e-05
173,31,entropy,0.3500548925169104,1.834914039106625e-73,0.20058479532163742,0.3897320207820618,0.35877425195677337,0.27272409290178157,0.3733982097091706,0.0005261861770322064,6.952593826969267e-25,3.056046018440906e-23,1.131993413716854e-08,1.7895593437738698e-14
174,32,mccabe,0.20841283213910258,4.173642833134456e-26,0.31572783045175684,0.038912099614975014,0.1094879274023659,0.23454419976159108,0.21174339300937767,9.795827079333631e-08,0.32788394232521056,0.002611764408302033,1.2900294139908706e-06,3.061840196758178e-05
175,32,fanout,0.1336967300194543,1.5954705575351862e-11,0.1821249302844395,0.16176681412304417,0.10255631178091071,0.18141665098186838,0.15706065034709535,0.0022693387358321626,5.227364208911013e-05,0.005111601412320891,0.0001954384486525656,0.0023668885699291782
176,32,chars,0.1865448654205601,5.642159860761566e-21,0.1369771332961517,0.1377232325714754,0.15559066601847352,0.2881360185708012,0.22439410546827426,0.021891021986303792,0.0005773533514496457,2.1904399318978778e-05,3.500836523849969e-09,1.4317156953890115e-05
177,32,identifiers,0.2176401852546176,5.706225753536234e-28,0.257585052983826,0.0762165151142787,0.15955274671852213,0.3285902503293808,0.2040098648154914,1.6197853356203627e-05,0.05678897950973714,1.3415767193416654e-05,1.6241295179959826e-11,7.961648550793335e-05
178,32,halstead,0.21370805090374578,5.052007196307924e-27,0.306664807585053,0.13449762431391823,0.18281072759682385,0.25507246376811593,0.22612958226768967,2.8598693757583956e-07,0.0007754462901508822,6.128346967981419e-07,1.7091964572320682e-07,1.2284742867419292e-05
179,32,entropy,0.3339900186149467,1.6429662668669046e-63,0.16742889012827664,0.3727062341279594,0.3385188786258305,0.17144111926720623,0.3763244428206065,0.005079675644948764,1.2191378133196928e-20,2.583516827553882e-20,0.00044123577168989834,3.4170868202503533e-13
180,33,mccabe,0.23524606219679306,1.0227012049127168e-29,0.3196745513598635,-0.045625,0.2277304370763708,0.35640272193009587,0.2956847309556953,1.9441591871192752e-07,0.25925209331367893,9.863724903761628e-09,2.5186512683230404e-12,6.26179515265126e-09
181,33,fanout,0.12535860228769327,1.9971444949561618e-09,0.08907188084380434,0.1034046052631579,-0.06787242095122314,0.3414321064027219,0.20561928990863854,0.15005200282487946,0.010963900841197567,0.08975686423324802,2.5845053641575885e-11,6.840720797463319e-05
182,33,chars,0.17165526289180777,2.2404913513229505e-16,0.05144188182802401,0.1387828947368421,0.0714162834172468,0.34283946798639037,0.2766124257988128,0.406662505958426,0.0006437826394290056,0.07438180584684165,2.2923924352423955e-11,8.751509703715258e-08
183,33,identifiers,0.2138591719476023,1.4927149522000471e-24,0.19084019553164266,0.11402412280701754,0.10164806807885954,0.3660995978966904,0.26230819693115087,0.0020680709992122372,0.005049694306321522,0.011087526525312613,9.257420199075207e-13,3.869344024274407e-07
184,33,halstead,0.23085716364787107,2.465149956952212e-28,0.19002001246678257,0.13969298245614034,0.16603397061690733,0.4102845654191154,0.2628362053792861,0.0021656002883891196,0.0005929046466201915,3.348600955211699e-05,1.2291083070380293e-15,3.688427197864176e-07
185,33,entropy,0.35324245004952,5.16477569033696e-64,0.15750795577572915,0.37914473684210526,0.3654880552337917,0.39333436436746055,0.3291412662602602,0.011029714973996118,1.1328313221854613e-20,6.731090560869794e-20,1.7078891706874856e-14,1.9267361334008298e-10
186,34,mccabe,0.1880055583672962,4.440267409238203e-19,0.3297175866495507,0.023239882562892177,0.13479718939635899,0.18289573820395738,0.25188536953242835,7.835248405563661e-08,0.5720592277722745,0.0005566405021741157,0.0006615189270908917,2.193808254643056e-06
187,34,fanout,0.09871074292107296,3.1348540546656627e-06,0.11376765083440309,0.1171204881699384,-0.01970084105184712,0.27281202435312024,0.1385913664394677,0.06565606497040528,0.004580384777346034,0.6159841640594468,4.224478077169324e-07,0.010284547990986813
188,34,chars,0.14040870870070946,3.4155061875613854e-11,0.1946405648267009,0.13460940648206782,0.09494304269136591,0.19765981735159818,0.11188116921549535,0.001662474901563711,0.0011254349259063256,0.015677435455588137,0.00025295361467140973,0.03847919080647147
189,34,identifiers,0.18408273620841215,3.63630269390191e-18,0.18741976893453144,0.1415980657417535,0.13041626743319493,0.22695966514459665,0.1391832292800275,0.002457951576904474,0.0006114597090644915,0.0009013796362387929,2.642313616209253e-05,0.010013831169939391
190,34,halstead,0.22177485948696093,1.2114854117982167e-25,0.19746469833119384,0.18047320246387658,0.1817044607686575,0.2499048706240487,0.21085591003684823,0.001421036230120785,1.2599709711012306e-05,3.752988566201063e-06,3.717750151276823e-06,9.581136543544548e-05
191,34,entropy,0.3810589311241931,2.4892733522889483e-72,0.32605905006418484,0.4141269932646365,0.36121579899925477,0.4407914764079148,0.25001431926227163,1.3768076889936792e-07,1.233923489652965e-23,3.8013559687971725e-20,3.3291944431835347e-16,3.7373671043877138e-06
192,35,mccabe,0.2133217459709997,3.265876771578277e-22,0.26385281385281384,0.02171809413951104,0.17897987347479744,0.30198445171849425,0.28009164738441994,6.685869644680736e-05,0.6018270176834806,1.824181070061047e-05,3.191402037451583e-08,4.934291909194066e-07
193,35,fanout,0.11191637964026024,4.2507103457864174e-07,0.11450216450216451,0.13552500881156077,0.00014346810225859783,0.37540916530278234,-0.00932353341499932,0.08555590130597546,0.0011885025912530141,0.9974052758752514,8.36113164483644e-12,0.8694040323471859
194,35,chars,0.16948909299655568,1.936403773254578e-14,0.2206060606060606,0.1358133871639591,0.038237665159112956,0.3209901800327332,0.1331836123587859,0.0009380963765249614,0.0011667669041343259,0.36311523095198217,5.437169129317858e-09,0.018686084322443237
195,35,identifiers,0.14974911765956542,1.344457594706556e-11,0.21606060606060606,0.09655548079079752,0.08922349597606133,0.23565875613747955,0.08150719114377751,0.00119223829516626,0.020974778128305106,0.03379331398335734,1.843686612207681e-05,0.15004225825030595
196,35,halstead,0.17350693115618487,4.6424410910815705e-15,0.2422077922077922,0.14533628120093564,0.13187451323322447,0.39625613747954175,0.09811260832085658,0.0002807136597739922,0.0005117085240702909,0.0017074482914742253,5.967398864121988e-13,0.08321284729414956
197,35,entropy,0.3371911808478973,2.2749921011992062e-52,0.29125541125541127,0.4115030920567785,0.26597619795865385,0.42430441898527005,0.2138287736491085,1.2528309712848855e-05,7.717486786616772e-23,2.5007778391173724e-10,1.2487419086445465e-14,0.00015938532407480516
198,36,mccabe,0.22239364738273512,2.7718116616483607e-23,0.317113942351134,0.06979162473667969,0.1420547706261992,0.3237808295964126,0.21029181355268312,2.4611166543895937e-06,0.10172177667276333,0.0007191709223083296,1.0382950034754763e-08,0.00020203893461808
199,36,fanout,0.12853025775330446,1.0821219919487709e-08,0.0002710761724044456,0.12330770572528814,0.06832722832722833,0.2624486173393124,0.15934684684684686,0.9973414629625204,0.003969821269719137,0.10556662998969035,3.839404955597495e-06,0.00565050178724776
200,36,chars,0.16192906467895557,6.045589096421139e-13,0.04522454142947502,0.08457781534704611,0.11270887842316414,0.32401438714499253,0.2088963963963964,0.5057075296780122,0.04827486386939235,0.0076206275522838615,1.2470542627288226e-08,0.0002896781088548547
201,36,identifiers,0.17006849545042474,3.97146453605195e-14,0.10382217403090269,0.0801500087214373,0.1583813012384441,0.21265414798206278,0.21477183705444575,0.12626337112930286,0.0612545789470279,0.00017668390485424927,0.0001863770990620192,0.00019380681371134405
202,36,halstead,0.21791010531735105,3.3778430034190574e-22,0.13757115749525617,0.13759744528975298,0.21389150532007675,0.3607296337817638,0.2712005483744614,0.04277615152637512,0.0013132250285525992,4.102797023062171e-07,2.3225047236484857e-10,2.53314050646656e-06
203,36,entropy,0.3604058243516995,8.709135287708372e-58,0.1584892021324659,0.4070227696601323,0.37389848246991103,0.3774757100149477,0.2991578535056796,0.019594311193127555,2.0043448428971427e-21,8.551119071223674e-19,3.2987803785272314e-11,2.0966884977059757e-07
204,37,mccabe,0.19650873010959075,2.5263383177095993e-17,0.15568862275449102,0.0009611183923110528,0.15353535353535352,0.27601669648181276,0.2608940694248751,0.03273043873852143,0.9826289083364047,0.0007605532829265934,1.1977419221983588e-06,5.257442935294745e-06
205,37,fanout,0.14361533341588756,7.301782544233794e-10,0.13197846730780863,0.11511577107907384,0.05829998094149037,0.19365533691115086,0.12793646727296015,0.07169581800182721,0.008881166706112375,0.20344894435905092,0.0006949732161129123,0.027914364731584384
206,37,chars,0.18184374548531568,6.412506425576733e-15,0.05770277626565052,0.1509683995922528,0.11720983419096627,0.35976147883124626,0.190521327014218,0.43207820279678455,0.0006030664934360698,0.010593505184338721,3.107529239941633e-10,0.0010688539822881274
207,37,identifiers,0.159467680019813,8.099125208209854e-12,0.10476017661646404,0.055897771952817824,0.09523537259386317,0.26249254621347645,0.210093505828103,0.1534759235606938,0.2040651460848586,0.037817250463475845,4.3857349620042265e-06,0.0003079124603737933
208,37,halstead,0.20147552783109404,5.7627843820402804e-18,0.14437791084497673,0.12669287898645698,0.13294263388603011,0.27670840787119855,0.2523632637376713,0.04918554999441789,0.003994108235851151,0.0037445250737700056,1.2957877197414846e-06,1.4650794782851588e-05
209,37,entropy,0.38563530637937793,2.1577403533539735e-61,0.2727272727272727,0.4167904470656764,0.3580141032971222,0.36930232558139536,0.3606250800563597,0.00020214574894209794,2.787877238940073e-21,5.850703106537989e-15,1.0454186325155733e-10,5.89412906268077e-10
210,38,mccabe,0.24524621989919732,2.1608613187638764e-24,0.20642954856361148,0.046913455208386086,0.17019768307893862,0.2993032127880947,0.3962244472256988,0.006745618018626506,0.32276823920791464,0.00013202021629464848,9.478806065168455e-07,6.128012283445251e-12
211,38,fanout,0.10147694605189472,2.6960218436659226e-05,0.17496580027359782,0.10261811920798096,0.08799274952665535,0.26903553299492383,0.02909887359198999,0.022401095479303954,0.0312784761246235,0.049440803910689314,1.1519574962094072e-05,0.6186005153840316
212,38,chars,0.14987941011760314,5.74649167616571e-10,0.203625170998632,0.05118752215526409,0.14053176120099425,0.36923416464356656,0.09702231956612432,0.007952740701566681,0.282974068513722,0.001708747745848428,1.8462472554865036e-09,0.09698545201003327
213,38,identifiers,0.18573679298114618,1.5856631894353045e-14,0.13666210670314638,0.09277358586114347,0.1726115164077853,0.3451146073083835,0.11449207342511472,0.0748686487278038,0.05162688178635924,0.00011662812186571672,1.921732916786168e-08,0.05012568656577782
214,38,halstead,0.20478700765353744,2.5057905729013623e-17,0.18064295485636114,0.14762748771965362,0.21061368796044544,0.3720402307910584,0.11467459324155194,0.01855221987506637,0.0019555883100541966,2.588790994976923e-06,1.3911235751523091e-09,0.049800180158694474
215,38,entropy,0.33252342729139445,5.146380820732915e-43,0.10492476060191519,0.31347546462753834,0.3629633617788785,0.31607655200681023,0.3148206090947017,0.17157518344812905,4.824625023951925e-11,5.420822114169667e-16,2.6698771243694893e-07,7.194690376247831e-08
216,39,mccabe,0.2076533191715348,8.911787360257984e-17,0.26245704467353953,0.001060906650823794,0.1787623589903771,0.3683200361282553,0.2276844532279315,0.0003386670602856734,0.9825962405256125,0.00020454292137503326,8.315388172203666e-09,9.977515153569044e-05
217,39,fanout,0.14887477429633564,2.882258368256007e-09,0.25613647520864014,0.15350258330769476,0.08178858467785534,0.44027547794671085,-0.008179622310057092,0.0005085009023452097,0.0014929610475505934,0.0909746431925189,6.818964986422986e-12,0.8905252185170085
218,39,chars,0.19329410515135423,1.2910860589019064e-14,0.19667403043691703,0.1513383337400142,0.1332908852821394,0.4790004516031913,0.05058739569609135,0.0076880636555983935,0.0017482189549415088,0.005893523655580919,8.908092096375712e-14,0.3936617612232469
219,39,identifiers,0.14510546999468932,7.217328553414714e-09,0.28313696612665684,0.012529307546229008,0.1274522759764053,0.29967635104621404,-0.006999341238471673,0.00012386646628456614,0.795676261166909,0.008456032188239128,3.0807321183241085e-06,0.9063534360500134
220,39,halstead,0.1795109930961232,8.23655339094586e-13,0.29436671575846834,0.054636692517425395,0.1962061053112123,0.4493075417732952,0.030001097935880544,6.610662482790195e-05,0.2585383066079069,5.045259087523181e-05,2.6708159192052413e-12,0.6130804966164274
221,39,entropy,0.38961571959638874,2.0379019916586486e-54,0.25294550810014726,0.3732163506933025,0.36481697281322456,0.5424506999849465,0.3153271848924023,0.0006073068137950906,1.1710176012772355e-14,4.803718334856773e-14,3.065915762701684e-17,1.0412604943172766e-07
222,40,mccabe,0.21606965044895274,9.097405543737352e-18,0.2382940108892922,0.01533678756476684,0.13996288640420934,0.3545772702155093,0.28219809637120763,0.0034496287129243785,0.756976658598978,0.00370415171624951,3.6389045410857023e-10,7.745185882127783e-06
223,40,fanout,0.1682347542232728,2.7787411958072535e-11,-0.01896551724137931,0.13157167530224526,0.009947853048952363,0.5045588506170565,0.15779298036882808,0.817619884519224,0.008118271088179026,0.8374848229473115,7.670513454749197e-19,0.013395598833419575
224,40,chars,0.20077841563411866,1.9801591471116532e-15,-0.06860254083484574,0.1680944156591825,0.09552052992577281,0.4280254190458648,0.2590348007138608,0.40311440443256796,0.0007225993485337337,0.048765527799859314,5.800048328895089e-14,4.990538746450483e-05
225,40,identifiers,0.20141569472945944,1.6093697395340733e-15,0.06533575317604355,0.09858376511226252,0.04993892699426853,0.41925308528274086,0.27294021415823916,0.42580317170990967,0.047387492174524856,0.3028943086026926,1.8504452271904752e-13,1.9162585784746624e-05
226,40,halstead,0.21191521417253292,5.153472174192257e-17,0.08049001814882033,0.11395509499136443,0.10548012778351969,0.4564836986553693,0.28349940511600236,0.32652591923896457,0.021912321987194425,0.029545448363181247,1.1274450902873391e-15,9.030529317453128e-06
227,40,entropy,0.37692807231732345,2.7997419423047126e-50,0.29219600725952816,0.31048934945308004,0.36472329230480127,0.5302081414625162,0.34889946460440213,0.0003643658952053297,4.2376898361098245e-10,5.268359767426345e-14,1.325318839455488e-20,4.671767541759583e-08
228,41,mccabe,0.246506735528664,1.5047185720062323e-20,0.2875669344042838,0.059428131879790985,0.16822364751812605,0.36318968626036785,0.3066698128047821,0.0002857336770468312,0.2482229154255413,0.0007962484612507844,7.605401258984536e-08,1.6514722789069294e-06
229,41,fanout,0.14731270167766033,3.1701318082561005e-08,0.14340696117804552,0.09599214874937004,0.12470719464584495,0.4209340064911648,0.09406952965235174,0.07196352778454114,0.06315224494515481,0.013357481818857674,5.536347907989968e-10,0.14621721756265776
230,41,chars,0.1819305324822013,8.556669768377419e-12,0.12123493975903614,0.1393331741863611,0.16869771332961517,0.35282185358817164,0.10213150857322636,0.12868626767555016,0.007014143555228339,0.0008213327704153329,2.0550757725475047e-07,0.1149578182123148
231,41,identifiers,0.19790308411274593,1.0951210721247588e-13,0.10508701472556894,0.07803506538288109,0.21480758505298383,0.38784709700685177,0.13139059304703476,0.18783370847155256,0.13104284035085978,2.040713236260569e-05,1.1265021837467009e-08,0.04251207805378197
232,41,halstead,0.19785841457162973,1.1128354735845575e-13,0.15327978580990628,0.10268958383066762,0.2482292247629671,0.41155787955283085,0.15856536101934876,0.05471249979772624,0.0469190859751527,8.529515386771036e-07,1.3675183772479021e-09,0.014380479333662452
233,41,entropy,0.35885169499637326,2.3548794215335134e-41,0.14156626506024098,0.33091960425452904,0.4052983825989961,0.5006310854670033,0.28684914267736356,0.07602065516446563,1.515402488501423e-10,9.132897904481603e-16,1.6961687867655246e-13,9.498251826588282e-06
234,42,mccabe,0.22169864573669665,7.021935711416285e-16,0.34843026248069997,0.05116286205203731,0.07525193037560529,0.2685161290322581,0.3788358448355916,4.1977673584003754e-05,0.33609271548934316,0.16380708353388362,5.351302148809464e-05,6.410313477131248e-09
235,42,fanout,0.056037000495761484,0.04212259367119151,0.004117344312918168,0.10817071674030437,-0.029016396507562586,0.222494623655914,-0.011818834156430712,0.9624869866878573,0.04263667624643592,0.5931000981195338,0.0008680930394998448,0.8581533445337421
236,42,chars,0.15765092501239403,1.0940070995423107e-08,-0.01471950591868245,0.20452871870397643,0.10576401742479481,0.32989247311827957,0.11316533704782407,0.8642411924521539,0.0001271017450237475,0.051453576982937316,8.142823025506379e-07,0.0862267146939193
237,42,identifiers,0.1016053345899169,0.0002297845330165448,-0.008955223880597015,0.0706154884634266,0.0484229812851721,0.1830967741935484,0.05010341479886877,0.9175118526472624,0.18585832929073987,0.37259185018014973,0.006194199143439993,0.4476421938562539
238,42,halstead,0.12822674461411596,3.3400762032385446e-06,0.11013896037056099,0.10488770250368189,0.08372127806756782,0.262494623655914,0.05660377358490566,0.19804368646988846,0.049412783884629004,0.12315210586436252,8.701324746823391e-05,0.3909931109076209
239,42,entropy,0.309323261030693,3.472071832355292e-29,0.13659289758106022,0.33069464899361806,0.28236767812739544,0.3796989247311828,0.2604786627833354,0.11035750466326988,5.79195029263917e-10,1.9881201542617647e-07,1.3737348760270343e-08,7.821673492157322e-05
240,43,mccabe,0.29413871447917717,4.75899659948038e-28,0.2502374169040836,0.044218031900513655,0.24369186621808828,0.43591485507246375,0.3425824175824176,0.003415581662700964,0.42754854157337174,4.651289708788364e-07,9.125853935769548e-12,2.694435246812025e-07
241,43,fanout,0.2010251933429585,7.676949900875063e-14,0.15206552706552706,0.014176128683427953,0.29334058974866417,0.3332955917874396,0.12532051282051282,0.07700189006840079,0.8001741636854225,1.6132820512073463e-09,2.1443936917769626e-07,0.06264138345847946
242,43,chars,0.24185049636817424,2.4767111884184486e-19,0.12523741690408358,0.11481143552311436,0.33648327726103305,0.3604695048309179,0.1798992673992674,0.14579924359728294,0.040229336502226196,4.823813898488453e-12,2.1121627966288565e-08,0.007554747286240243
243,43,identifiers,0.20538226505053217,2.2579296657416636e-14,0.048670465337132006,0.05432211408488781,0.30944488422719174,0.15821256038647344,0.17509157509157508,0.572390480028278,0.33179543627758046,1.9960154827653752e-10,0.013935024919809027,0.009313333319034507
244,43,halstead,0.2709465131115066,7.38986934702984e-24,0.11479107312440645,0.13270478507704786,0.3937388679992084,0.32804951690821255,0.2374084249084249,0.18250357421573182,0.017733298357414527,5.984034602568924e-16,3.421667905485504e-07,0.00042267105894260574
245,43,entropy,0.4429730606945797,6.450055516884433e-61,0.1752136752136752,0.43285347391186807,0.5652087868592915,0.4855072463768116,0.246978021978022,0.04179975887921157,1.0355657442092094e-14,3.551471287347907e-31,4.48477610686601e-14,0.00024479865614042195
246,44,mccabe,0.15508965346381345,4.9816364541055925e-08,0.14498299319727892,-0.10519540229885058,-0.0303553611175071,0.42616033755274263,0.29214792299898684,0.1301823329962725,0.06185161376293184,0.5745627289213171,7.377689308878568e-10,1.871002701446654e-05
247,44,fanout,0.19236854625972336,1.5986923732864444e-11,0.08404195011337869,0.23597241379310344,0.1533118428121882,0.39466913656478336,0.17264437689969606,0.38279426992240395,2.959714317221058e-05,0.004728194906728488,1.3404040789377023e-08,0.012306255861556788
248,44,chars,0.2370601434117584,1.0300944298286627e-16,0.05314625850340136,0.26462528735632185,0.1457325965154655,0.4878563342595451,0.2641337386018237,0.581741863211334,2.8391154068045867e-06,0.007286249224610185,2.311846354824636e-12,0.0001297380384383306
249,44,identifiers,0.1859454224509503,7.4311509837935e-11,0.060515873015873016,0.2450390804597701,0.024598971525059483,0.25594319234331586,0.25567375886524824,0.5303202552090969,1.4523795985856336e-05,0.650753888394694,0.0002331531785946546,0.000211538732828707
250,44,halstead,0.23597625006686354,1.4168689079340902e-16,0.07341269841269842,0.2433103448275862,0.054781640954793154,0.43943603993001956,0.3042046605876393,0.4463844720117288,1.6701383983858993e-05,0.3131984660877667,2.637808090768359e-10,1.045133861466199e-05
251,44,entropy,0.40190765228701497,5.498979149868851e-45,0.264172335600907,0.3448091954022989,0.3354823854478471,0.4758670371513842,0.3933130699088146,0.006071568478012062,1.0544307738078273e-09,6.489498522111864e-10,7.789343394532866e-12,1.2056992435957329e-08
252,45,mccabe,0.2412001828533433,2.198943331540092e-16,0.285406492387245,0.057058823529411766,0.11187406164444053,0.38700854700854703,0.24229434578485406,0.0019113484413155932,0.3369476566928572,0.04761018983402733,5.176584824159923e-08,0.0003903862515627151
253,45,fanout,0.13509729268362855,4.584014561071447e-06,0.23987359954036197,0.05257918552036199,0.07860107745297183,0.41367521367521365,0.059246785058175135,0.009340938710887028,0.37769355176866737,0.16617639249340033,6.53427840085125e-09,0.39155793139714057
254,45,chars,0.17406391555500145,3.5711091541317703e-09,0.138322321172077,0.03895927601809955,0.035856221849333215,0.43874643874643876,0.2538783425188814,0.13444797151879118,0.5135544379935109,0.527942283082246,7.798083226737173e-10,0.00024121720647626228
255,45,identifiers,0.17347092088396165,4.025484684214068e-09,0.3463085320310256,0.049389140271493215,0.013247372604433453,0.4034757834757835,0.1492651561543172,0.0001764331917094047,0.4074603864369244,0.8157896861910969,1.5549207477916932e-08,0.030884052647034862
256,45,halstead,0.19062461039770603,1.0160740690297998e-10,0.37029589198506174,0.10690045248868778,0.08765344873266802,0.45452991452991454,0.15089814247805675,6.0827741420375085e-05,0.07292743833447772,0.12271891408003596,1.8853926496982097e-10,0.029119119958564067
257,45,entropy,0.4104002634111099,4.944047118927651e-44,0.3375466819879345,0.37380090497737556,0.31718625805881834,0.576068376068376,0.36517656664625436,0.0002573550870260777,3.5745259372467177e-10,2.3203766366402318e-08,6.802835642927738e-16,1.2833085597805988e-07
258,46,mccabe,0.16228407456458893,1.2114601340671583e-07,0.20323983800809958,-0.068233561001741,-0.09671411806724833,0.44037230948225714,0.467526455026455,0.02823779481481333,0.24938714498011538,0.1044268865394988,2.2613681745318256e-09,2.1422122736689656e-10
259,46,fanout,0.07599578473675966,0.013470904011594797,-0.027148642567871608,0.09492879782152583,0.08439206081942956,0.19842931937172775,0.0455026455026455,0.7713248889278085,0.10989682897573791,0.1578922751295997,0.007224233285620941,0.5402610766683784
260,46,chars,0.20532319391634982,2.4872198962469397e-11,0.057897105144742764,0.2268871925360475,0.11166386040104087,0.41239092495637,0.11322751322751323,0.5346520302366794,0.00013333129437773209,0.06175827650690405,2.4442803933072333e-08,0.12743672265957953
261,46,identifiers,0.19420116489369277,2.7369619437341813e-10,0.10784460776961152,0.12760591045042632,0.10293892545538037,0.39284467713787086,0.16018518518518518,0.24680578264995767,0.031671032460330005,0.08502456704197454,1.0650994678811222e-07,0.030988658898766074
262,46,halstead,0.14377465430569203,2.9620008709015473e-06,0.07094645267736613,0.12838712557475113,0.09245369661717434,0.40372309482257124,0.23736772486772487,0.4465213234568325,0.030652443973937942,0.12196086582932393,4.760495667147886e-08,0.0013913051575128747
263,46,entropy,0.39479286823030146,1.0719357465949794e-37,0.11864406779661017,0.41471362885585467,0.3889484157354967,0.4702734147760326,0.4591269841269841,0.20263221597017822,2.888391379670081e-12,7.625016045770427e-11,2.015200971106842e-10,6.268164194022862e-10
264,47,mccabe,0.2600760156757715,1.5728417877611038e-16,0.27879291251384275,0.08712250712250712,0.06738868832731648,0.398359343737495,0.31583333333333335,0.002521561526238299,0.18230392429192854,0.2723112378929212,9.163085431921038e-08,2.9830735393810938e-05
265,47,fanout,0.15518816833730478,9.211707716566574e-07,0.08734772978959025,0.15381766381766382,0.06179162119049618,0.4313058556756036,-0.015378787878787879,0.3460142942726979,0.01887286887493291,0.31603503695670765,8.07929618453807e-09,0.8410824757061341
266,47,chars,0.22933299198487564,4.149551648492563e-13,0.11724806201550388,0.09282051282051282,0.21288444854896035,0.4987328264639189,0.17462121212121212,0.20618736571510532,0.15668653558020526,0.0005512993060907232,2.6909942802424408e-11,0.0222922817807167
267,47,identifiers,0.20304259634888439,1.365170602948274e-10,0.12029346622369878,-0.0007977207977207978,0.19133574007220217,0.35494197679071626,0.17901515151515152,0.19457876769033056,0.9906317996182943,0.00190268135029123,2.1149665591492764e-06,0.019117471619952017
268,47,halstead,0.2062131983694047,7.048322633775867e-11,0.15268549280177188,0.05299145299145299,0.20194218229647665,0.4151660664265706,0.1984090909090909,0.09963216780247634,0.4188698324567188,0.0010494610782948602,2.9222313078388743e-08,0.009409758960138575
269,47,entropy,0.3564150534669844,1.878632261690923e-29,0.12375415282392027,0.35863247863247866,0.3835949962219797,0.41976790716286516,0.2971212121212121,0.18209096958202164,4.4138886415892025e-08,4.815424564208203e-10,2.053011973980127e-08,0.0001005586933789182
270,48,mccabe,0.22428701134502627,2.4895829896872417e-12,0.2920962199312715,0.02620545073375262,0.20398491150014508,0.16958134605193428,0.34379764379764377,0.0049601432336301545,0.6803671026394413,0.000981870724079694,0.02965284714842602,3.4548704292209087e-06
271,48,fanout,0.026266663272492767,0.413618009143617,0.20641466208476517,0.09771091846563544,0.05635619176580585,0.24238208797032326,-0.012404712404712404,0.048221582277781755,0.12519889749184795,0.3643403830190205,0.0021501307682266157,0.8688685082089881
272,48,chars,0.11054187986321479,0.0005829029927770996,0.20504009163802978,0.17230437985154967,0.20053519037946932,-0.13626126126126126,0.16632016632016633,0.05000292097011282,0.006861222281314689,0.001246521703020169,0.0854157877630253,0.02617672677340512
273,48,identifiers,0.09685275225076156,0.00258015223120397,0.26552119129438717,0.03773584905660377,0.09394847986588001,-0.05445151033386327,0.13097713097713098,0.011104969930388611,0.5540035207409214,0.13046677076357951,0.4917549769572278,0.07992286984241202
274,48,halstead,0.09746582491153934,0.0024246955523597132,0.26895761741122565,0.07229871380814777,0.21607505561466292,0.06942236354001059,0.17380457380457381,0.010122647685125956,0.2567407333990539,0.0005047884970162382,0.3810619022707885,0.020142883908629446
275,48,entropy,0.3194914678953576,2.762839341837593e-23,0.293241695303551,0.3892571817100119,0.45107521681658447,0.17011128775834658,0.3101871101871102,0.005047306103732414,1.0082032156363652e-09,3.825255880430568e-13,0.03174530324329609,3.3573704668727393e-05
276,49,mccabe,0.27032207059795016,2.2096300828831528e-16,0.42803030303030304,0.12255608149825067,0.18537051184110007,0.31706486964808384,0.27813852813852813,0.0001166925444748627,0.04996005578644679,0.004702395351755101,3.464938186036429e-05,0.00043319018825369406
277,49,fanout,0.0826606423583009,0.012301430659650519,-0.030011655011655012,0.013994649104754064,0.05530939648586707,0.1573071948812198,0.13753607503607504,0.7896315905015501,0.823565178079285,0.4007264312850347,0.04073916761509686,0.08493654871887546
278,49,chars,0.21341018549145735,1.037109099676329e-10,0.09032634032634032,0.0027011730808808396,0.3063789152024446,0.3866312708460963,0.22213203463203463,0.4193779436592414,0.9659472635280848,3.224250896133897e-06,5.025080666778546e-07,0.005413006084684337
279,49,identifiers,0.17596000685007027,9.93926755408598e-08,0.22843822843822845,-0.014046100020580366,0.22910618792971735,0.17024028316656456,0.2437770562770563,0.040711581882497676,0.8229649310201022,0.0004979863888336051,0.026903904852134772,0.002265654442838849
280,49,halstead,0.15937908335737896,1.3963996857855978e-06,0.2296037296037296,-0.021789462852438775,0.30733384262796026,0.24824722619290723,0.2772366522366522,0.03972099099409135,0.7283808548420243,3.0047553852375147e-06,0.0012521744218554165,0.0005173653912592392
281,49,entropy,0.34307357022377677,2.8321943960781905e-25,0.042540792540792544,0.3038176579543116,0.44255156608097784,0.3389149819617453,0.37427849927849927,0.7047456672810948,1.2499334447409485e-06,1.7484520985128808e-11,1.0552035826229182e-05,2.7701802147995324e-06
282,50,mccabe,0.18555124038995008,5.901886010552356e-08,0.03491096532333646,-0.026840490797546013,0.10687235908474846,0.35101604278074866,0.18928414580588493,0.7406005002369471,0.6886700244713246,0.1084503539073195,8.777782347848757e-05,0.01614892803503408
283,50,fanout,0.0764391957940345,0.02591938320438105,0.10941893158388004,0.13605572597137014,0.013792553615562465,0.3380748663101604,0.026174791392182695,0.2992041621381545,0.04264421134909517,0.8368773734625438,0.00016407424809009605,0.7421539229607208
284,50,chars,0.2061292964518771,1.9144864162865474e-09,0.05880974695407685,0.2271855828220859,0.13641074703021605,0.40748663101604277,0.1424681598594642,0.5780588568402342,0.0007138764651249224,0.0412571045660646,5.66030546061032e-06,0.07272222501430727
285,50,identifiers,0.21485297614329874,3.866525812596844e-10,0.1640112464854733,0.1378131390593047,0.135972255441282,0.3270588235294118,0.20008783487044357,0.11986451030840335,0.04008984605528085,0.04189926113700699,0.0002694857061463713,0.011696763431818268
286,50,halstead,0.15546749095136192,5.9259758836469015e-06,0.1373008434864105,0.1352569018404908,0.17232719445108827,0.40855614973262033,0.14879227053140096,0.19307054436509796,0.043945019312107925,0.00992395595282778,5.350286942250139e-06,0.06089309182967547
287,50,entropy,0.3594568175213336,1.1660040032458575e-25,0.28209934395501407,0.36138803680981596,0.3401100215259507,0.4857754010695187,0.2885375494071146,0.007439133229941734,7.302315154882148e-08,3.5899581192756833e-07,6.272283309634367e-08,0.00027731457301745247
288,51,mccabe,0.2405058591640566,2.7053361788761897e-11,0.15874495184840012,0.08849894291754756,0.18956681232130335,0.43156388238355453,0.19632414369256473,0.162240921435453,0.21427170328850453,0.007237590435510531,1.6340358093242185e-06,0.015353881869374844
289,51,fanout,0.08737782157900421,0.01577671748898339,0.0754892823858341,0.15107822410147992,-0.02664940389491288,0.37418683320322665,0.05977907732293697,0.5082088037142629,0.03442513165406087,0.707237412978545,3.386912619314783e-05,0.46409291615471326
290,51,chars,0.21283008424235877,4.135001477241635e-09,0.05374339857098478,0.2363213530655391,0.09850569132006258,0.5359094457455114,0.1203935765339274,0.6386003923462977,0.000940083472922448,0.1645405193725783,2.9574969842845705e-09,0.14022382578751666
291,51,identifiers,0.21898963170968788,1.4564801574267298e-09,0.14973594283939112,0.1336997885835095,0.12887738037438637,0.34413218839448345,0.19196138494384107,0.18900431091763348,0.06130751934466045,0.0689238056824236,0.00013879358245319108,0.018637074533893887
292,51,halstead,0.21202006156172373,4.732297056245353e-09,0.14445479962721341,0.16938689217758984,0.18018018018018017,0.5092375748113454,0.1306971131532535,0.20516794870019017,0.017749950834744236,0.01098884655833823,1.712919909934779e-08,0.10931468455747557
293,51,entropy,0.36899233178529,2.1483026914302376e-24,0.2972972972972973,0.27653276955602535,0.3349517181852511,0.5201665365599791,0.37157709087533647,0.009044173638843309,0.00010847210592123145,2.265822579900388e-06,8.422088654960528e-09,5.2484892327215625e-06
294,52,mccabe,0.22207893903800335,1.191388025090881e-09,0.22903363133248192,-0.022173355323437786,0.04955123410620793,0.339416434683988,0.3566905867454622,0.06746352855669478,0.7529355799554296,0.5119258241509499,8.94420015931621e-05,1.4827624500417977e-05
295,52,fanout,0.09592642575098716,0.008780208745227705,0.05534269902085994,0.1304379695803555,0.09043879331837447,0.04464377770904217,0.1227311101730688,0.6613299876316516,0.0643438645125772,0.23248455391695455,0.6080713080965652,0.1394533451265514
296,52,chars,0.1756318621815698,1.612888979043947e-06,-0.0464027245636441,0.08484515301447682,0.10838942907005734,0.36354263326116093,0.2502110595187843,0.7141107812364037,0.2290833219256957,0.15256106224323593,2.9411047457022873e-05,0.0025942789116716433
297,52,identifiers,0.18259609136802119,6.12507942138309e-07,-0.07407407407407407,0.04500641378046546,0.15981052106706556,0.25538715331477474,0.2764879696074293,0.5572243477718584,0.5236204633883728,0.03487905047583648,0.0033129935362549586,0.000870932162113502
298,52,halstead,0.14014761500141618,0.00012941087366454335,-0.04895700297999148,0.053362653472603994,0.17009473946646722,0.320960923806578,0.3281975517095821,0.6989847328516494,0.4495000073841904,0.02474220568882974,0.0002255881316863051,7.7721864729826e-05
299,52,entropy,0.3746122190566635,1.437271413495834e-24,0.07364836100468285,0.42034084661902144,0.2844677137870855,0.45685122177544074,0.41452089489235966,0.5596062905261956,2.5132935245959016e-09,0.0001728015707350144,1.515839498764746e-07,6.008796134885989e-07
300,53,mccabe,0.2512791619715371,1.4399257981027465e-10,0.34746503496503495,-0.03446378551420568,0.10602103007166298,0.3945,0.323943661971831,0.007126902751799858,0.6574167574111802,0.16977735918648917,2.3884720102466253e-05,0.0004686637463213677
301,53,fanout,0.11962772839197028,0.002327490687166339,0.17176573426573427,0.12570028011204482,0.10180162078896256,0.435125,-0.051978537894030855,0.1853010857808175,0.10619974302887804,0.189143518647236,3.406813670862952e-06,0.5787572071997968
302,53,chars,0.1833771545427987,3.0643576632188023e-06,0.13068181818181818,0.10454181672669068,0.07306945281628827,0.41125,0.1710261569416499,0.3142999758285555,0.17922922729632806,0.3461720452781264,1.1612557869522795e-05,0.06727738004501281
303,53,identifiers,0.21169817620299652,7.146854491070508e-08,0.17307692307692307,0.03471388555422169,0.09637666599691916,0.4365,0.15375586854460094,0.1822262672072581,0.6558909851500294,0.21388465329364303,3.2434183424847857e-06,0.09995393853645222
304,53,halstead,0.17134510245816117,1.2990467039631877e-05,0.27884615384615385,0.09543817527010805,0.09028196369968522,0.462875,0.19617706237424548,0.031482955806510345,0.22015659899887607,0.24436244307222665,7.993751742879276e-07,0.03580329726872077
305,53,entropy,0.3996911648094821,2.66632126192258e-24,0.21153846153846154,0.4113645458183273,0.4362065501306008,0.45025,0.4379610999329309,0.10290865182756156,1.2433698045916382e-07,1.8229898174761134e-08,1.5801994717418942e-06,2.7517409663111482e-06
306,54,mccabe,0.21538787825432776,2.3715373498603477e-08,0.11226611226611227,0.04316448801742919,0.11383018168335188,0.3463235294117647,0.2681051587301587,0.39636242846272474,0.5681009416784648,0.1286996226216924,0.00027756307452108547,0.002005423008348542
307,54,fanout,0.1373360331015054,0.0003842684142419148,0.17151767151767153,0.19026870007262164,0.09244839945618588,0.38779411764705884,-0.009176587301587302,0.1955983350940036,0.011983725128566748,0.21868195885938668,5.0468289001160526e-05,0.9174998270194584
308,54,chars,0.20231054270142218,1.7001453889330866e-07,0.19854469854469856,0.20538307915758897,0.13879619330119886,0.3664705882352941,0.1300843253968254,0.13438923003671016,0.0066944395145932915,0.06479639568926317,0.00012999838153916486,0.13723791460846146
309,54,identifiers,0.19275464389470903,6.272368450112196e-07,0.1943866943866944,0.12649782135076254,0.17865529600791002,0.2063235294117647,0.13306051587301587,0.14269624254597402,0.09491941592625533,0.017436895963369916,0.03124770270207111,0.1284075134086195
310,54,halstead,0.19832891819862503,2.9513844290555397e-07,0.2624740124740125,0.11637618010167029,0.2114077369917192,0.3608823529411765,0.16666666666666666,0.04766938604353626,0.12447605283482703,0.004905575594877434,0.00016450185208489207,0.05684797381912939
311,54,entropy,0.3465333856213335,3.3218387929519344e-19,0.12058212058212059,0.2882171387073348,0.3133110863922877,0.5020588235294118,0.4010416666666667,0.36407313753969917,0.00014147914677556324,3.0517058823627124e-05,1.582032440979925e-07,4.547603950777374e-06
312,55,mccabe,0.30298824629900767,7.182722278367606e-14,0.3835562549173879,-0.13157894736842105,0.24788177339901477,0.5155141843971631,0.34553179824561403,0.0016591757945174296,0.10373735770445082,0.0031570261824568867,4.900236003432585e-07,9.134154832256222e-05
313,55,fanout,0.1098198308117781,0.006800743969990313,-0.07985837922895359,0.11391574173529061,0.09458128078817735,0.4736258865248227,-0.08470394736842106,0.515430941161725,0.15982553590934578,0.2617586558931263,4.046582824694682e-06,0.3412453727779122
314,55,chars,0.1403123474865788,0.0005459777574653204,0.03973249409913454,0.16821816445876597,-0.1464039408866995,0.3362145390070922,0.09073464912280702,0.7476385100391135,0.03793477001508257,0.0823627629387612,0.0010793852506262227,0.30817426385934776
315,55,identifiers,0.18126728485440052,7.953574067816182e-06,0.14122738001573565,0.05901658909177706,-0.014679802955665025,0.5026595744680851,0.04070723684210526,0.2493075668835406,0.4667714363503688,0.8625338523067382,1.013648799867737e-06,0.6480987771109139
316,55,halstead,0.1673173905970392,3.7476018865313396e-05,0.15932336742722267,0.05334765485141425,0.11684729064039409,0.5059840425531915,0.0234375,0.19364175401789807,0.5107146384679058,0.16568698753452604,8.623068160279744e-07,0.7932545416443653
317,55,entropy,0.3881568244672198,1.1338513068820787e-21,0.3839496459480724,0.2698412698412698,0.4425615763546798,0.42597517730496454,0.3788377192982456,0.0017064187100667544,0.0008688607307321873,1.492636580499584e-07,3.438756519354586e-05,2.0472350525175353e-05
318,56,mccabe,0.2318291474389133,1.0745924744232042e-08,0.30327868852459017,0.045841323106423776,-0.10762766645119587,0.3722330729166667,0.2710126582278481,0.035289733160713425,0.5858796848017125,0.20056586914384078,0.00013995702771888154,0.001672685299336234
319,56,fanout,0.1303666703370404,0.001334935010624053,-0.11997019374068554,0.09354026845637584,0.27063132945485885,0.2781575520833333,0.11734177215189874,0.4086939209852092,0.26684375522357706,0.0013320861222917352,0.004520438845063632,0.1783411342915041
320,56,chars,0.13970610316419585,0.0005871738659035819,-0.03278688524590164,0.013962128475551294,0.017022193492781727,0.37890625,0.1779746835443038,0.8244408904592744,0.868869309607212,0.8410154810217412,0.00011105606424772555,0.041274267889963086
321,56,identifiers,0.1829898197179151,6.709330704940395e-06,0.046199701937406856,-0.026066634707574306,0.20103425985778928,0.055013020833333336,0.24569620253164556,0.7529602600172394,0.7574310572044585,0.017151463372864377,0.5755934636236582,0.004829633123119585
322,56,halstead,0.2010280383187019,7.5618222161629e-07,0.10283159463487332,0.012523969319271333,0.1543848308554191,0.31201171875,0.28139240506329116,0.47971316044896484,0.8823302505186241,0.06730413576535126,0.0014600207940392768,0.0012491170700910338
323,56,entropy,0.4277820598804793,6.568154362727628e-26,0.4157973174366617,0.399568552253116,0.4856711915535445,0.279296875,0.3868354430379747,0.004059694784942114,2.091973765064322e-06,8.49163084222689e-09,0.004391168502223439,9.107925720851918e-06
324,57,mccabe,0.24416403785488958,6.971091469042172e-09,0.2844932844932845,0.03238770685579196,0.09508015478164732,0.24181818181818182,0.20298459563543003,0.03540736144512002,0.7106758378028506,0.3066684473997008,0.010049217692878466,0.02668164533157033
325,57,fanout,0.0975953812273079,0.020886554089265624,0.08180708180708181,-0.017494089834515367,0.1550580431177446,0.19984848484848486,0.03867137355584082,0.5480601622607844,0.8418019802447608,0.09677311038397657,0.033928275347499516,0.6760423880586237
326,57,chars,0.1937146598416761,4.558885611242432e-06,0.2771672771672772,0.006225374310480694,0.2490326147042565,0.25363636363636366,0.1649550706033376,0.040999323002914145,0.9438554394749858,0.007643004270535717,0.0071743761574955735,0.07393736884202623
327,57,identifiers,0.2040533301589191,1.37217475116949e-06,0.18376068376068377,-0.07446808510638298,0.2886954118297402,0.2531818181818182,0.16270860077021823,0.17587668169067794,0.3940076779085423,0.001983127470053361,0.0072658416302340025,0.0779129536974703
328,57,halstead,0.15197309683947385,0.0003227622430949899,0.30158730158730157,-0.010559495665878644,0.31080707573244887,0.20045454545454544,0.18533376123234915,0.02615031849625422,0.9044171481770119,0.0008700420442374922,0.033599156617754714,0.04464733805951907
329,57,entropy,0.44950895780013095,1.9938471821197264e-26,0.4249084249084249,0.4394011032308905,0.32974018794914317,0.556060606060606,0.36970474967907574,0.0017172862324674586,4.81438094116193e-07,0.0004118142312566298,3.698007508829058e-09,6.143821758506508e-05
330,58,mccabe,0.18783125,1.2355901207968014e-05,0.2670807453416149,0.03438027150775163,-0.014342425406582149,0.22870851659336267,0.2935714285714286,0.05496574213716151,0.6864152018776687,0.8756684182216009,0.02764597203641239,0.0010568113414056765
331,58,fanout,0.0841375,0.05079698073975652,0.012422360248447204,0.13968993493453288,0.0622358816749904,0.2578968412634946,0.010714285714285714,0.9325078641685491,0.10114731616829191,0.49593720709023303,0.013361056671767603,0.906694032121147
332,58,chars,0.15993125,0.00020567815763630282,0.019254658385093167,0.1788095429351755,0.06684594698424895,0.281687325069972,0.09428571428571429,0.8937404066340189,0.03589052169045051,0.46460686521983674,0.0070429990521892905,0.29681545179405666
333,58,identifiers,0.1544125,0.00033824335661853647,0.07142857142857142,0.08482609044903205,0.07222435651171726,0.21111555377848862,0.17414285714285715,0.6116785797224584,0.31977695679293905,0.4293459114023114,0.04318128098244649,0.05379760436697668
334,58,halstead,0.1059375,0.01394318015961356,0.07950310559006211,0.12145553859747771,0.04802151363810987,0.2423030787684926,0.14314285714285716,0.5717722436371204,0.15419639457379575,0.5996178113648394,0.020385042150702436,0.11303249791026267
335,58,entropy,0.34275,1.787355160184709e-15,0.26211180124223604,0.35561089244115995,0.23447304392367782,0.3406637345061975,0.40685714285714286,0.06087222088815835,2.997050463857925e-05,0.010210985963032567,0.0011086293291371185,6.5703966767285864e-06
336,59,mccabe,0.2215946594659466,1.0319893339767812e-06,0.05701754385964912,0.09405008472980607,0.18695652173913044,0.11375126390293225,0.21765879614233455,0.6764798192852971,0.3098846199560831,0.06796909942118938,0.28734005186444933,0.019958773626228107
337,59,fanout,0.1517776777677768,0.0008427011302062676,0.18146929824561403,0.18085106382978725,-0.0575098814229249,0.4223963599595551,0.09494512803458596,0.18271543281402913,0.05119862080384244,0.5765833376669031,7.898739215376745e-05,0.3139144293421886
338,59,chars,0.20525052505250524,6.3730511917490275e-06,0.1836622807017544,0.19290152513650913,-0.036758893280632414,0.42264914054600605,0.18839374792151647,0.17771029024660323,0.0375916478365869,0.7217484533482501,7.92320082567235e-05,0.04562972469390172
339,59,identifiers,0.19363936393639364,2.0585888808569536e-05,0.10910087719298246,0.10016945961212578,0.056719367588932805,0.31698685540950455,0.1631193880944463,0.4242215195636273,0.2804550884897905,0.5819104978963241,0.0030799715368450896,0.08351263512005833
340,59,halstead,0.22643264326432644,6.376790886295084e-07,0.1699561403508772,0.1860289964225193,0.12351778656126482,0.43377148634984836,0.1973727968074493,0.21241491306876703,0.04494568770417866,0.2296783316726564,5.107899418703894e-05,0.03624785537349096
341,59,entropy,0.39834983498349835,1.9495998668329233e-18,0.08991228070175439,0.5258896629636604,0.3592885375494071,0.40495449949443885,0.3352178250748254,0.5106823602126148,1.4255279268757296e-08,0.0004693206099739728,0.00015596475007452883,0.0003738174706842126
342,60,mccabe,0.24351308014634881,3.1093089015339205e-07,0.22404371584699453,-0.06669712197350389,0.32482059940903335,0.19219300623475197,0.40173288250211325,0.10932833131696264,0.4886828718813262,0.0014992391413305476,0.09704542938073107,5.912051433314254e-05
343,60,fanout,0.035967080376679866,0.4509961300740676,-0.13319672131147542,0.032663316582914576,0.05529759392148586,0.17728381675250746,0.18808114961961117,0.3431962371757745,0.7355201659518306,0.5916757268620265,0.12850199475385488,0.06198640858108077
344,60,chars,0.14755361841231032,0.0019866052008271854,0.02459016393442623,0.1451576062128826,0.13866610384128325,0.10761724044456493,0.3157227387996619,0.8643429356832327,0.13234046832633242,0.1777244948581107,0.3576749148246313,0.0017318828052691826
345,60,identifiers,0.23290899265598286,1.0536163559473425e-06,-0.0471311475409836,0.2550251256281407,0.208104685521317,0.3889943074003795,0.24577345731191885,0.739882654739586,0.00816633296748438,0.042977559032442,0.0008648569448908655,0.014747009107457274
346,60,halstead,0.17195099263826508,0.00031390081736054165,-0.08060109289617487,0.23698035632709,0.3138455044322499,0.2878828950935213,0.2578191039729501,0.5679188760983591,0.013984436604387184,0.002265135648777912,0.013681308901090962,0.010534314208814493
347,60,entropy,0.4063837138225211,1.6407913428362585e-17,0.36475409836065575,0.4298766560073093,0.37653018151118617,0.35917592843589047,0.400676246830093,0.009274537177801398,8.230405807750162e-06,0.00024901677013931903,0.002097001205981512,7.002460749295077e-05
